,HRP_Return,Benchmark_Return,HRP_Cumulative,Benchmark_Cumulative
2022-09-30,0.011033560146863295,0.010774697320078432,0.011094654360429335,0.010832953413839386
2022-10-03,-0.007907584801103233,-0.005539150095190553,0.003130866301699342,0.005249276652157464
2022-10-04,0.01664571392381036,0.019437567442973803,0.019968443701005922,0.02498001482426271
2022-10-06,0.0036770728668265597,0.006302318909870916,0.023725845877545115,0.03146016428932441
2022-10-07,-0.00207756651978031,-0.0018654973381442789,0.021601195150540375,0.02953777176501604
2022-10-10,-0.004909773628116519,-0.003716970227825274,0.016597657713433467,0.02571811369426502
2022-10-11,-0.016755542667727125,-0.01623205957480392,-0.0002940774299802218,0.009202995968240701
2022-10-12,0.006349902807747642,0.006489148616809917,0.0060741554466612335,0.015773158518963548
2022-10-13,-0.0031159614613085014,-0.0033964857947702902,0.0029441461776928968,0.01232895182596172
2022-10-14,0.003436329039237024,0.0022761162475445035,0.006396520621976043,0.01463575448066834
2022-10-17,0.003968712782290528,0.004248422740362603,0.010398555568147616,0.018955525703007625
2022-10-18,0.012224440380166866,0.012272615212192504,0.022825916478647734,0.03153782572625086
2022-10-19,0.0029764304435969248,0.002862864306329151,0.02587482185145107,0.03449520982294496
2022-10-20,0.006523783237983449,0.004752018808084169,0.0325892848553091,0.03942284936191842
2022-10-21,0.0021734794217527866,0.00016359119041023731,0.034836037167548906,0.039592903692501125
2022-10-24,0.007836557048832774,0.0085694317416345,0.042977447457369644,0.048539904725131366
2022-10-25,0.002214791904311919,0.004479558922899902,0.04528998541424256,0.05324743697345169
2022-10-27,0.010490523027878604,0.014124274829905227,0.05631334337814464,0.0682293484876273
2022-10-28,-0.0014537433690074715,0.0010048878540380474,0.054778850509277,0.06930333871474037
2022-10-31,0.012925439767150259,0.011019291220272256,0.06850082122199841,0.08115146268331586
2022-11-01,0.008051868575315771,0.006207514409653034,0.07713897939480341,0.08788359926679523
2022-11-02,-0.0013823412653844863,-0.001395310134171742,0.07565103439585696,0.08636672275862045
2022-11-03,0.0008058852752280883,0.002521175597318627,0.07651823511097011,0.08910909958392388
2022-11-04,0.0016158510966296838,0.0034065357175250815,0.07825913441995791,0.0928255150890942
2022-11-07,0.006086816592496766,0.006011424424186516,0.08484231499153028,0.09941473854828642
2022-11-09,-5.0722861790646555e-05,0.0018547955794737028,0.08478729008024466,0.10145582045504753
2022-11-10,-0.005007656838094855,-0.006774923124476355,0.07936862631699904,0.09401876313871704
2022-11-11,0.006336744237601033,0.006650647350295231,0.0862300257471531,0.10131894468558134
2022-11-14,-0.006039686953954021,-0.003794595382973979,0.0796893082572816,0.09714780380386578
2022-11-15,0.0036156661291823064,0.0035460981746074905,0.08360017024422772,0.1010453040031869
2022-11-16,-0.0029982404034784305,-0.0004964900680653008,0.08035614205095265,0.10049878162795167
2022-11-17,-0.005008073577808054,-0.004549791533252412,0.07495916451167028,0.09550311482797413
2022-11-18,-0.004692470542190032,-0.002665545544880864,0.06992676672148024,0.09258688977287344
2022-11-21,0.0014024850243765379,0.0031849743559836385,0.07142837573492944,0.09607229852087573
2022-11-22,-0.00045943885144459734,-0.0006522163424940292,0.0709362329759855,0.09535765533154228
2022-11-23,0.00046316705386196427,0.0002911596453167767,0.07143237024423588,0.09567662571136148
2022-11-24,0.010567352960802766,0.0103797425923934,0.08281460841835431,0.10710869538113399
2022-11-25,0.004321546187600164,0.004569010521368023,0.08750416753598378,0.11217866019994305
2022-11-28,0.005142990392319856,0.004541479643589463,0.09311159814222614,0.11724108369083819
2022-11-29,0.006250228597015005,0.005275054803816609,0.09996519146365679,0.12315016329349038
2022-11-30,0.007788523043081431,0.0073336529511458665,0.10856574503224858,0.13141723366369762
2022-12-01,-0.00011919784661399433,0.00183136007456385,0.10843361425761922,0.13349116449051657
2022-12-02,0.0009007524913153764,0.0011921364004880354,0.10943248839876829,0.13484324634020184
2022-12-05,0.0019284495600770842,0.0048120233405422146,0.11157403726375237,0.14031729860017328
2022-12-06,0.00013546470671644282,-0.0006886206706893856,0.11172462651423798,0.13953232284349815
2022-12-07,-0.0002157947799862536,-0.00354843623179215,0.11148474802624753,0.13549593073713795
2022-12-08,0.0066551061202548365,0.008954169948707836,0.1189064657423311,0.14570901086672627
2022-12-09,-0.002427989212170925,-0.008180132952218202,0.11619306829692944,0.13637518684136962
2022-12-12,0.002864188738419978,0.002227261666374373,0.11939463867526556,0.13890901243248344
2022-12-13,0.005718048657863234,0.010120832633175963,0.12581372652498568,0.15049424715186
2022-12-14,0.0011777133225550729,0.004472377019212148,0.1271403934127222,0.15565121453890374
2022-12-15,-0.008935630109292516,-0.009147525449016414,0.11711354858067047,0.14512806939160194
2022-12-16,-0.01193991316423923,-0.013961628328454333,0.10385462254612743,0.12925130752245972
2022-12-19,0.009991890744590028,0.007917315732860478,0.11493950457347868,0.1382274331881812
2022-12-20,-0.002355441415989489,-0.0016296325648645603,0.11231642036144085,0.13637405127276714
2022-12-21,-0.008188993970809914,-0.013751300938674747,0.10324486206411887,0.12085438209659105
2022-12-22,-0.009168334688932855,-0.011687584671475649,0.09317617101926534,0.10783055837647382
2022-12-23,-0.02114138457287533,-0.02667492013128,0.07030750261037744,0.07866992458831845
2022-12-26,0.015365463794385142,0.021745205118714007,0.0868802718691366,0.10238270864760324
2022-12-27,0.005384601139147032,0.007370659752035668,0.09274847340297998,0.11053801458135726
2022-12-28,-0.002260450430012173,-0.0007105264061309498,0.09028115931756342,0.1097492282569259
2022-12-29,-0.001005191744309678,0.001167570844092753,0.08918576832846337,0.11104569581167079
2022-12-30,-0.004145586434942343,0.0008909308585312928,0.0846798009739711,0.11203600178887974
2023-01-02,2.7276084931180213e-05,0.002377601869555082,0.08470938719584198,0.11468312632285182
2023-01-03,0.0031629167992130724,0.0042955669647936155,0.08814566420328318,0.11948162108584803
2023-01-04,-0.0016181724297360672,-0.006959887564862483,0.08638628076672727,0.11171720594271517
2023-01-05,0.008928157020126802,0.006274036516527688,0.09612913621913077,0.11871408667966032
2023-01-06,-0.007259131749698579,-0.0055311784026691084,0.08820100090839711,0.11254336090943418
2023-01-09,0.011174248995185739,0.009201563725553424,0.10042902208984872,0.12282774317795964
2023-01-10,-0.0001674112624753929,-0.0046739400528085775,0.1002448132977396,0.11759195901897734
2023-01-11,-0.009223545403567701,-0.002819538691939016,0.09014331274604914,0.11444530339197478
2023-01-12,0.0009059837471354081,-0.0005934460478482624,0.09113141240297362,0.11378413643399687
2023-01-13,0.0023702436487425434,0.0038927311426903474,0.09372072714433277,0.11812824837238822
2023-01-16,0.0007636069055813794,0.001797056948381951,0.09455621879735787,0.12013939504162074
2023-01-17,0.004129597893171416,0.004748027470511651,0.0990856417633259,0.12547049374638064
2023-01-18,0.0053832762382219025,0.0018972250548574812,0.10501827756392701,0.12760779139184675
2023-01-19,-0.003310247324051199,-0.003426792692031843,0.10136644134278727,0.12375032639407979
2023-01-20,-0.005997821150061609,-0.004564314479228528,0.09478041306052232,0.11863286424589492
2023-01-23,0.005647704145585576,0.004528185266729546,0.10098090171944141,0.12370972691315973
2023-01-24,-0.005173784623754098,-0.004197065409126897,0.09529937383349796,0.11900332713103756
2023-01-25,-0.0068702869234796606,-0.00617855528902819,0.08780014329837171,0.11211081800662437
2023-01-27,-0.004326219860907445,-0.010418342777192138,0.0831042457803921,0.10058461253430573
2023-01-30,0.0010581157499757222,0.0037142826116645495,0.08425090198222751,0.10468009600642691
2023-01-31,0.004402024334208924,0.007382973431522048,0.08903432147729995,0.11286610115108742
2023-02-01,-0.0011079593600405169,-0.004782958170072594,0.08782838389569414,0.10755601821575889
2023-02-02,0.005299192758639524,0.004172943917457478,0.09360829710169427,0.11218744398445035
2023-02-03,1.3512340454630852e-05,-0.00045975376546541623,0.0936230744091664,0.11167622914465358
2023-02-06,0.0017652071210581914,0.0009927445643544747,0.09555525049164237,0.11278038766145904
2023-02-07,-0.00250218733024158,-0.0013058834245701905,0.09281739276919887,0.11132817461487376
2023-02-08,0.005278802445177726,0.004552474741742472,0.09860141281252122,0.11639900170797635
2023-02-09,0.001831825119330102,0.000587512320028457,0.1006157028269059,0.11705509258741253
2023-02-10,-0.0011648745439925357,-0.00026574634726934574,0.09933437005281998,0.11675827871720657
2023-02-13,-0.004898711157197879,-0.006233890439030445,0.0939622175635435,0.10981818432995505
2023-02-14,-0.00043055372443674244,8.595391723835934e-05,0.09349130943927642,0.10991358165014842
2023-02-15,0.0057835108149501225,0.006345818352670077,0.09983385165492509,0.11697928675606373
2023-02-16,0.0065820698659139094,0.005806981292116285,0.10709691166981106,0.12348443393190145
2023-02-17,-0.005095988037513208,-0.005493465856410758,0.10146950981604386,0.11732953190458639
2023-02-20,-0.006277174576141086,-0.0078073705824183645,0.09457704863558658,0.10864009116704243
2023-02-21,0.0003742618236129921,-0.000734154908613442,0.09498678370720892,0.1078264762984451
2023-02-22,-0.006115073378667776,-0.009311362452478248,0.08831129054343978,0.0975589788222393
2023-02-23,0.0010605916334198587,0.003967325887181221,0.08946615670518643,0.10192200201634871
2023-02-24,0.0019765977978306428,-0.0002440606766646034,0.09162172275308711,0.1016530990025657
2023-02-27,-0.010870979096762682,-0.009235764039235945,0.07981899565840989,0.09152533175225286
2023-02-28,-0.0033929938543947376,-0.00042235149406223433,0.0761613850763867,0.09106442173744878
2023-03-01,0.008492511259178884,0.010096647435078758,0.08533961570612147,0.10213631497623976
2023-03-02,-0.0029298176065657537,-0.0046307826629994366,0.08216442223107268,0.09704436020390861
2023-03-03,0.004017746649756652,0.008443733612807145,0.08652103072710449,0.10634672863450101
2023-03-06,0.005537706052365893,0.007850989136529485,0.0925545553391065,0.11506683070477663
2023-03-08,0.0066467841256841785,0.004838445072729763,0.09984071756263813,0.12047509355807828
2023-03-09,0.0015033609382957365,-0.001109839348050147,0.10149541863059564,0.11923223602440824
2023-03-10,-0.0014624088220945668,-0.003775079522001166,0.09988575928977728,0.11501501051903618
2023-03-13,-0.012485971540180388,-0.0172500388690207,0.08623799709315372,0.09594590252912605
2023-03-14,-0.005841403349194247,-0.008108021218542306,0.07991133908937598,0.08709587647988681
2023-03-15,-0.0002675357455671182,6.707653613021862e-05,0.07962246284820962,0.08716879755134177
2023-03-16,0.00017290262623873443,-0.0018928976886854474,0.07980914854614118,0.08511284471531533
2023-03-17,0.003716890661054763,0.006556776563813914,0.08383014926683852,0.09225106346390222
2023-03-20,-0.005069604965232904,-0.0069737737743405,0.07834946275662591,0.08466045001618161
2023-03-21,0.0013324761195912533,0.004353125688949022,0.07978729539040907,0.08939240521036496
2023-03-22,0.0020719714860196925,0.0018588882864263604,0.08202690327803386,0.09141934733755197
2023-03-23,9.869186589907372e-05,-0.0024780350039700937,0.08213369580176133,0.08871812024076497
2023-03-24,-0.005645466132871004,-0.007865999700413741,0.07604175876280728,0.08018785733920741
2023-03-27,-0.0012537746030459045,-0.0031360060069644397,0.07469349032283512,0.07680568775384766
2023-03-28,-0.0006502673209324609,-0.0011617423105591464,0.07399487943259264,0.0755554433976322
2023-03-29,0.00907165969262745,0.012864797257770965,0.08378212163572041,0.08948163285004962
2023-03-31,0.011534004312391944,0.013324029587159954,0.09635483679365864,0.1040950570162853
2023-04-03,0.005663957674331692,0.0073235833062532335,0.10258216319395785,0.1122106705569974
2023-04-05,0.007326061998201202,0.004373271576101021,0.11068940931305327,0.1170853211855225
2023-04-06,8.497695559267536e-05,0.0012120184845237762,0.11078379632796942,0.11844007006809076
2023-04-10,-0.0006493198875303424,7.457177484569396e-05,0.1100627764298796,0.118523477239046
2023-04-11,0.007549089398489171,0.0080433895377505,0.11847444985690414,0.12755647653968905
2023-04-12,0.005775885768603378,0.0061291119686230165,0.12495332311859353,0.13448861867193695
2023-04-13,-0.0005800088643613563,-0.0002284470135404098,0.12430102940554644,0.1342294777362194
2023-04-17,0.003352224157209547,0.00021321997044834208,0.12807626265502559,0.13447134389637538
2023-04-18,0.0058386848280094815,0.003759531903747894,0.13468201008733316,0.13874445251870116
2023-04-19,-0.0029725103723537176,-0.0033858618780416233,0.1313141640015425,0.13489534104519119
2023-04-20,-0.0004337083880397059,0.0016062211290409417,0.1308236099455009,0.1367196986898973
2023-04-21,0.0034671713802147215,0.001392029404520132,0.13475117403635273,0.13830314778332675
2023-04-24,0.005456684894731407,0.008894383301372545,0.14096007823783196,0.14847281169383675
2023-04-25,0.005031859472722167,0.003789298124964308,0.14671569760526415,0.15283297332469137
2023-04-26,0.00675551348557732,0.007049894551869668,0.15448857629711332,0.1609890401477081
2023-04-27,0.007042121044662218,0.006173242802178751,0.16264731830349577,0.16817827499820126
2023-04-28,0.00917579037716188,0.01124033522149628,0.17336462104521622,0.18138306450817665
2023-05-02,0.0068324648959733605,0.004367084355263571,0.1814090439527387,0.18655354575327276
2023-05-03,-0.002270359795077093,0.002566365976641954,0.17872986286115244,0.18960258720720735
2023-05-04,0.004608135693053315,0.0052647987298309554,0.18417414437458568,0.19588212113373427
2023-05-05,-0.0034142476221992587,-0.005591190271093572,0.18013797477993632,0.1892143743434227
2023-05-08,0.013010008237597993,0.010918041716847546,0.1955918893540265,0.20226940449099873
2023-05-09,0.0014343904797549253,0.00030640942654618444,0.1973080655169137,0.2026378476141233
2023-05-10,0.0035099652748070676,0.001981034752483334,0.2015179592183698,0.20502267641933147
2023-05-11,0.0006436434720147551,0.0016379615669274903,0.20229155734331372,0.20699807462209763
2023-05-12,-0.0016314381952583748,-0.001166947459180451,0.20033169210902413,0.20559039279079427
2023-05-15,0.006738259713045491,0.005615156281954018,0.20844715011786885,0.21237901300297324
2023-05-16,-0.0038831156892720547,-0.0019954770903562427,0.2037637090862363,0.20996215065639956
2023-05-17,0.0032999606478939835,0.003055191575553439,0.2077426435082943,0.21366446959278895
2023-05-18,-0.004935046009045955,-0.004901425779812602,0.20179706092418703,0.20773033800636753
2023-05-19,-0.0015664125338213726,0.00017390046130683155,0.1999160245689242,0.20794038113205016
2023-05-22,0.006785806851605263,0.0072048635760528995,0.20808611191638282,0.21667485434618428
2023-05-23,0.0016571164831909722,0.0004966391250522231,0.21008971096556261,0.21727925275284488
2023-05-24,-0.004462882664951532,-0.00243631301596228,0.20470125553724938,0.21431718918745202
2023-05-25,0.008822100573780066,0.003504543925504328,0.21537626996461778,0.21858028285274433
2023-05-26,0.0085686363386973,0.009407812927151635,0.22583513233866648,0.2300985541073517
2023-05-29,0.003243619256746176,0.00321885802842542,0.2298177303034774,0.23406444611142097
2023-05-30,0.0017354948317569868,0.002460670204819513,0.2319539257603349,0.23710481085817525
2023-05-31,0.004630124200118951,0.004424611923427899,0.23767125119483445,0.24259064695295707
2023-06-01,0.001589339200467323,0.0013745614766158681,0.23963989463834867,0.24429983861285276
2023-06-02,0.003916894240815027,0.003599656329168943,0.2445049547452971,0.2487869616074765
2023-06-05,-0.0002063007628406203,-0.00021035980711369751,0.24424823890502156,0.2485242946513604
2023-06-06,0.003877267159009426,0.002766782652968967,0.24908188635521045,0.25198347320252434
2023-06-07,0.008978201899974765,0.00881846094323705,0.26034688978733356,0.2630728643800142
2023-06-08,-0.007928277828394543,-0.008638461598946025,0.2503940161928859,0.2522088496899655
2023-06-09,-0.0050258137326930396,-0.006256190260941831,0.24412553408129067,0.2443992475306036
2023-06-12,0.008802944784584604,0.010076613201356364,0.2551258490092363,0.25700196714356904
2023-06-13,0.008779105485055724,0.0076027694781221015,0.2661932410530894,0.26659508425380585
2023-06-14,0.003800187202881289,0.0036460358705288115,0.27101416681255186,0.2712215643955014
2023-06-15,0.004765528583831377,0.002608251373679457,0.2770856766413088,0.27454155759334387
2023-06-16,0.00567931743433335,0.006111145039035645,0.2843592866091127,0.2823543140393272
2023-06-19,-0.0008142135583041317,-0.0018581358017872426,0.2833139694776612,0.27997373797958214
2023-06-20,0.007533631171126732,0.007710918802271663,0.2930184928515631,0.289881662048896
2023-06-21,0.000830852445464796,0.0015674267837216995,0.29409324684754634,0.2919050424498819
2023-06-22,-0.009093267779318522,-0.009180848599438294,0.2823790512990605,0.28009853764560155
2023-06-23,-0.00531959373366177,-0.006627725479449224,0.2755754280335496,0.27164244922180747
2023-06-26,0.0072386368748076305,0.00710656551097635,0.28484235485873266,0.2807116468486257
2023-06-27,0.0031182218574261024,0.0026002995902818385,0.2888550313293654,0.28404621437757926
2023-06-28,0.007770139329519088,0.006639118562728686,0.29890862281953057,0.2925995111930981
2023-06-30,0.011521386900100737,0.01124452261426689,0.313960393748856,0.3072162004644361
2023-07-03,0.0029132583885120894,0.002926495371335666,0.3177938811465195,0.3110473658339963
2023-07-04,0.0027648046219511417,0.002208695670841821,0.32144236510842483,0.3139462706960059
2023-07-05,0.01727500261573407,0.015734732143825373,0.34446860194071705,0.3347843743805634
2023-07-06,0.010321680136978692,0.011978110460418585,0.3584176417269944,0.35086870670434966
2023-07-07,-0.0036012497205729003,-0.003241845346420864,0.35353443866864875,0.34649649012804784
2023-07-10,-0.002205362549007948,-0.002698867160775952,0.35055269363174113,0.3428673744221795
2023-07-11,0.009111389881146988,0.00900103059761016,0.3629143361314533,0.3550091269152458
2023-07-12,0.005055499137201528,0.003790315799122602,0.3698219945001109,0.36015478509126786
2023-07-13,-0.009239187955143661,-0.008929908680964514,0.3572242377636241,0.3480627975949271
2023-07-14,0.009895296469688793,0.012995927065928697,0.3707210412779849,0.3656964580911872
2023-07-17,0.003962044172835027,0.004544911475170758,0.376162671463282,0.37191755405168503
2023-07-18,-0.0005837741936107646,-0.0006242223142705738,0.37535953765667474,0.37106143973173644
2023-07-19,0.005965286014044849,0.007282213360319331,0.38358847023720744,0.38108224419996617
2023-07-20,0.0075444602135623495,0.006319066519423406,0.39406637376684217,0.38983702666427966
2023-07-21,-0.0025741439100540144,-0.004462990316867678,0.39048246103314965,0.38364801848690044
2023-07-24,0.002381482284023643,0.0037800012451471013,0.3937978165436442,0.3888881072512771
2023-07-25,0.0012758004400865255,0.0015228325589096924,0.39557715921311454,0.39100476252842076
2023-07-26,0.0032650565330071173,0.003234325871940908,0.40014124447766974,0.3955110086257603
2023-07-27,0.00769100781840657,0.003754215186484907,0.410951258400871,0.400759903823398
2023-07-28,0.006944500635557627,0.0035688069600267446,0.4207837115350648,0.4057678764459778
2023-07-31,0.0016612848324721926,0.004468542293557922,0.4231459996386595,0.4120636656809138
2023-08-01,0.001068065925674504,0.003009123336842854,0.4246668254146533,0.416319138821144
2023-08-02,-0.006178454083508085,-0.011601915159715846,0.41589172304758804,0.3999820781821961
2023-08-03,0.001711531160464167,0.001284594241000624,0.4183171408484263,0.40178164270497674
2023-08-04,0.0035930378358610183,0.005136622573731237,0.4234223741546146,0.4090005905670213
2023-08-07,0.0010094342322040707,0.0025069276292608647,0.42485995087347805,0.41253728434257897
2023-08-08,-0.002320946415085602,0.0007192688758011312,0.4215567620234584,0.41355364392120353
2023-08-09,0.0048788155781004285,0.004886179233550845,0.42850922139202385,0.4204774220167331
2023-08-10,-0.005929356141862024,-0.004773213517975161,0.4200641431468768,0.4137133360397911
2023-08-11,-0.0030067084194314807,-0.0003492712140626634,0.41580083680287916,0.41321965288625173
2023-08-14,0.0022662144306376565,0.003743417368922473,0.4190129834219356,0.4185198380942854
2023-08-16,0.0062842403035488275,0.006178941380452806,0.42795848039053785,0.42731192393943607
2023-08-17,-0.002116336363327204,-0.001964070626279226,0.42493963550552194,0.42451133369389726
2023-08-18,-0.0030937375396002664,-0.0034831304352900736,0.4205380584363023,0.4195582061144958
2023-08-21,0.003259200422308323,0.005921774764570463,0.4251754296323478,0.427989449399685
2023-08-22,0.003952126229780944,0.005716840368686047,0.4308190476294165,0.43617641662506323
2023-08-23,0.005146656144694471,0.004865906547962079,0.4382019636412813,0.44318174667330235
2023-08-24,-0.0003736663354147931,-0.0017244793625702717,0.437664656377011,0.44069515418966176
2023-08-25,-0.0076362696784285575,-0.008555646385140994,0.4267280718531816,0.42842165463001924
2023-08-28,0.0016208350713892892,0.00507592190459924,0.4290424378454871,0.43569064420034254
2023-08-29,0.0019501808392297553,0.0008721417901488473,0.43183204826449195,0.4369433161832663
2023-08-30,0.0021915882010072607,0.0020210354429657344,0.4349734755874486,0.4398503661908477
2023-08-31,-0.002625864145765966,-0.0012858353285313,0.43121037304806253,0.43800014551668043
2023-09-01,0.00382896137212597,0.00585822702107765,0.43670092713354425,0.44644900031732204
2023-09-04,0.006725024045273845,0.010159889511475938,0.4463953364457054,0.46121966947155624
2023-09-05,0.0061835016597067425,0.005560714329165496,0.4553668334566059,0.4693677281430815
2023-09-06,0.003941451756661722,0.0014586974201278105,0.4611144110781409,0.47151265507670415
2023-09-07,0.004561548770104729,0.0074633699729201135,0.46779458009810804,0.48253618360805883
2023-09-08,0.0024184702929823604,0.0031407317755066887,0.47134869371304,0.48719975178310393
2023-09-11,0.013436045225340894,0.017869235384088744,0.49125120742983985,0.5140137333924002
2023-09-12,-0.01692186831349983,-0.020106048734458398,0.46622876123951684,0.4838768812297092
2023-09-13,0.007848758913631912,0.010268170015981463,0.47778211774356727,0.4991920762789581
2023-09-14,0.005929434620937646,0.00773272674697837,0.486570559691897,0.5108298568444918
2023-09-15,0.006441361683119122,0.006717396458865691,0.49617700441164114,0.521012863329686
2023-09-18,0.0047274360530976675,0.0037443743210874665,0.5032668306702452,0.526718780715878
2023-09-20,-0.004211136403291521,-0.0035305965282095035,0.49694967952384794,0.521338056860887
2023-09-21,-0.012692535734513448,-0.013751232996906306,0.4780696633281052,0.5005609654912253
2023-09-22,-0.0012546838497576505,-0.0004947372747548542,0.47621631611825,0.4998187656606541
2023-09-25,-0.0008954567597345278,-0.00038538826349139745,0.47489501990925187,0.499240864476324
2023-09-26,0.0030926416109802414,0.00018468304542626425,0.4794634021630124,0.4995177744145012
2023-09-27,0.0037010308152224678,0.004254287459800866,0.48494908688677607,0.5059107431992353
2023-09-28,-0.011603968294957585,-0.009961124722717735,0.46781737491879616,0.4909846422602422
2023-09-29,0.01057236509246916,0.011030027746701695,0.4834179985268219,0.5075212763450225
2023-10-03,-0.0035235188004059553,-0.0032577500550897043,0.4782003449685319,0.5026181397570939
2023-10-04,-0.00442048343892103,-0.006970321835533454,0.4716804060821227,0.4921808257044762
2023-10-05,0.003296390069714758,0.0054622731771528975,0.4765396433291149,0.5003538262639649
2023-10-06,0.005153911157073409,0.007683602784743406,0.4841692417182435,0.5119263515105525
2023-10-09,-0.007932050183630497,-0.010287987409757105,0.47244330365692644,0.4964514117267538
2023-10-10,0.009154146246470388,0.012044870684474185,0.4859841478740863,0.5145849643825218
2023-10-11,0.008142683863196665,0.006438936754697665,0.4981334438258669,0.5243687459502993
2023-10-12,0.002823955947004913,0.0022549361429286896,0.5023700859037565,0.5278099785524322
2023-10-13,0.0028271083689537973,0.0009535621045473904,0.5066234584865557,0.529267535075818
2023-10-16,0.0016676220543829596,0.003719662787800255,0.5091380330908672,0.5349664871377493
2023-10-17,0.004423070913154574,0.004818702410447524,0.5158278414710307,0.5423808833870303
2023-10-18,-0.0008811381601428106,-0.003019378302662048,0.5144927759906535,0.5377308756122874
2023-10-19,0.002210728791819966,0.000872087092777846,0.5178446124110541,0.5390724957808619
2023-10-20,-0.008970161815264572,-0.008240434886632602,0.5042901842210032,0.5264419810333525
2023-10-23,-0.021641702665451155,-0.0271112095460816,0.47208453288234553,0.48561423810136617
2023-10-25,8.081160977125267e-05,-0.002142497335296001,0.4722034992100326,0.48243472082484584
2023-10-26,-0.010014026753516234,-0.00844056630734621,0.45753438501889065,0.4699747906743663
2023-10-27,0.014774808021000205,0.016608077328228908,0.47922904833280144,0.494592102938068
2023-10-30,-0.001982944312693921,-0.001341363498403831,0.4762987257976268,0.4925886556221273
2023-10-31,0.0004718887000138321,0.001076972803519757,0.47699553888035484,0.4941969989266175
2023-11-01,-0.003072769049607522,-0.0033355755519854226,0.472464038394796,0.4892212949787018
2023-11-02,0.011465581168574022,0.012485944236084706,0.48944385003632496,0.5079321975829449
2023-11-03,0.0033385082303792743,0.0030638369787480304,0.4944246802334531,0.5125593407979689
2023-11-06,0.007087937882347417,0.006379840059926702,0.5050546974844816,0.5222400754069361
2023-11-07,0.004340533511271707,0.005085311069899215,0.5116016361597515,0.5300008559804017
2023-11-08,0.006780707574618744,0.007090206203601228,0.5218861937072501,0.5408874259474001
2023-11-09,-0.004775627785142433,-0.0027768312677064685,0.5146355586620495,0.5366145767991595
2023-11-10,0.001835472788045624,0.0022836176141149685,0.5174181839490641,0.5401276266173796
2023-11-13,0.005910838180108492,0.008749638781160354,0.5264139573752697,0.5536623124864772
2023-11-15,0.007047407581804918,0.007877690152089258,0.5372092132759037,0.5659499182152561
2023-11-16,0.004419168450446049,0.005285024098279158,0.5440174319857773,0.5742479094970787
2023-11-17,0.005286214879733934,0.0029732802117153367,0.5522010510367497,0.5789355550432056
2023-11-20,0.0018860954457802172,0.00183891338941002,0.5551314129725011,0.5818417520797445
2023-11-21,0.004139848055832315,0.0050757072622426,0.5615827653245176,0.5898911286067396
2023-11-22,0.0021096283929967806,0.0016911796480747027,0.5648806020461583,0.5925821950230805
2023-11-23,-0.00045023765289775965,-0.0014064180483823604,0.5641761924645856,0.5903439330154523
2023-11-24,-0.0010493405008414074,0.0006056193534761874,0.5625356999035545,0.591307367787895
2023-11-28,0.0017736968117936555,0.00210265442607161,0.5653096238155562,0.5946568574435882
2023-11-29,0.006804012214960853,0.006606566080397834,0.5759963246095658,0.6052269408794386
2023-11-30,0.004782504073992249,0.005209736282438869,0.5835515855852667,0.6136115718086936
2023-12-01,0.006504147304945794,0.0058097901201559984,0.593884806329859,0.6230136018408892
2023-12-04,0.010382501109331452,0.012250084144585657,0.6105195226502054,0.6430179322354115
2023-12-05,-0.0001057209529550789,0.0005682106745164359,0.6103492659915246,0.643951777848327
2023-12-06,0.001359698478786775,-0.00023476387390283717,0.6125403447044366,0.6435658826593471
2023-12-07,0.004379642435240797,0.006132681624443953,0.6196181827129994,0.6536763193034145
2023-12-08,-0.003804317431448093,-0.003864256270300163,0.6134683464100648,0.647298421070601
2023-12-11,0.006209708632025255,0.007298337623724973,0.6235186872770073,0.6593649403193627
2023-12-12,-0.0037111385245047427,-0.002884548059662915,0.6175047507095082,0.654585319237966
2023-12-13,0.005170718403499205,0.006412354305713974,0.6258900726783421,0.6652291962176682
2023-12-14,0.007491446522819584,0.007673206386074178,0.6381160792683653,0.6780559919109619
2023-12-15,0.007798312531666879,0.0056973016362058815,0.6509405600804414,0.6876436690696528
2023-12-18,0.004990279890499444,0.005205743357183325,0.6591998063932933,0.696452015993948
2023-12-19,0.0100565391018741,0.005202172630071401,0.6759697968219349,0.70530024729847
2023-12-20,-0.021702543577393756,-0.027265930379173617,0.639988840649294,0.6594318138688693
2023-12-21,0.00852507260783756,0.012428133992385699,0.6540296289250327,0.6801841440591687
2023-12-22,0.009087244529938808,0.009484114522852596,0.6691287011996663,0.6961950073188035
2023-12-26,0.009535406393615392,0.007257517126816168,0.6851206453614116,0.7085499505112918
2023-12-27,0.00488847481089134,0.005135277186168652,0.6933784828599594,0.7173463948525911
2023-12-28,0.008050571034547387,0.005844473779676149,0.7070661695448082,0.7274127685025449
2023-12-29,0.0057693107486010845,0.0009500973814015599,0.7169432292622975,0.7290547587523002
2024-01-01,0.004326237495054214,0.0051338785154100815,0.7243872240719886,0.7379543409702325
2024-01-02,0.0025320768337886578,0.0020409577296518905,0.7287590375625814,0.741505054511798
2024-01-03,0.0013533339808827832,0.0005692908907835515,0.731100209749487,0.742496759733176
2024-01-04,0.004896947066841876,0.003680293928838552,0.739598105735755,0.7489214751479483
2024-01-05,-0.0006897636046106297,0.0021324009201632,0.7383986080082645,0.7526548560285777
2024-01-08,-0.010531965597568294,-0.009074068655232102,0.7201859296737256,0.7368230834621603
2024-01-09,0.002799473407033181,0.004643633745115028,0.7250082913261782,0.7449070086092631
2024-01-10,1.6388689548010264e-05,0.0006595804425268002,0.7250365621831929,0.7460582947873544
2024-01-11,0.007770383243777147,0.008832409844895715,0.7384929703985337,0.761548504499346
2024-01-12,0.0043898991113896085,0.012942546108961086,0.7461415551189547,0.7844956038672846
2024-01-15,0.00821459365663016,0.016909465320436606,0.7605444745346635,0.8149270349077533
2024-01-16,-0.00439812220193638,-0.007014744974164304,0.7528183873855414,0.8022403336206654
2024-01-17,-0.00732327813806131,-0.007666810786503305,0.7400288984602665,0.788475730717529
2024-01-18,0.0027283366940644527,0.011560683728745002,0.7447827652783967,0.8092717092485342
2024-01-19,0.011483292668097647,0.010841472572449235,0.7649340967939091,0.8289935928189558
2024-01-23,-0.015333020096932345,-0.009789381996140531,0.7380787398245765,0.8111762286515996
2024-01-24,0.019296545504847426,0.020831428659773266,0.7719433394094537,0.8493013386189499
2024-01-25,0.0008033770165337701,0.0005465210624964792,0.7733674499351728,0.850312296981264
2024-01-29,0.010876318761851496,0.017844816146095704,0.7927604305491149,0.8836271443435473
2024-01-30,-0.0028395180594791517,-0.004479745317895969,0.7876770754850371,0.8752078466975675
2024-01-31,0.01706366997319091,0.01700436204353809,0.8184431516986057,0.9073672096566834
2024-02-01,-0.0012101357733646932,0.0011753280759272825,0.8162439195420435,0.909610309820378
2024-02-02,0.008680134161243915,0.012178290815762969,0.8320777810378734,0.933008284004966
2024-02-05,0.00399565455636454,0.0075716871249965345,0.8394127752640901,0.9476999681693943
2024-02-06,0.007121092058010892,0.008317001792642545,0.8525581521387857,0.9639665430960462
2024-02-07,0.0038707143989255835,0.003608383120758155,0.859742771487646,0.9710660880557282
2024-02-08,-0.0012296633240379048,-7.167844927315724e-05,0.8574573194656487,0.9709248101584722
2024-02-09,0.00078110757359702,-0.004030661311147897,0.8589087602374093,0.9629966683397662
2024-02-12,-0.012910988318283696,-0.02332459151162751,0.8350626804263597,0.9177404164425449
2024-02-13,0.006669865259343255,0.009748570588321246,0.847343210460507,0.9365270669751016
2024-02-14,0.013835589075365431,0.01516070644612677,0.8730799227395207,0.9661098668102059
2024-02-15,0.004735961638177213,0.009225479420148392,0.8819717965656277,0.9843320980938746
2024-02-16,0.007768131939952185,0.005406738774405562,0.8966481318408552,0.99508991954835
2024-02-19,0.0074777036636145995,0.006471392328057485,0.9108838634824705,1.0080427955142377
2024-02-20,-0.002218442595606598,-0.003028017571111521,0.9066493760447796,1.0019716031233363
2024-02-21,-0.0056201280207757,-0.008582400261972028,0.8959638176896527,0.9848634012426682
2024-02-22,0.010847770467572786,0.012839617993323844,0.9166427554027599,1.0105125996711104
2024-02-23,0.002122787037099043,0.000434923098892062,0.9207157012675535,1.0113872082212647
2024-02-26,-0.004037531129612109,-0.005074035651565543,0.9129763862089222,1.0012072065045157
2024-02-27,0.004928471760282996,0.0036919961533108748,0.9224277074604732,1.0086093116767483
2024-02-28,-0.0119581619070319,-0.01392951794066167,0.899575910734747,0.9808243172850533
2024-02-29,0.0032442722718161814,0.0042219249568817944,0.905748659815325,0.9892048875263337
2024-03-01,0.0016519673670860346,0.006068920961238671,0.9088994962341279,1.0013139219845226
2024-03-04,0.005425303947205025,0.005327832961066104,0.9192840002798806,1.0120050432279268
2024-03-05,-0.004010151297663924,-0.001320112324354594,0.9116027927513977,1.0093507229596206
2024-03-06,0.0010680263057710835,-0.0007230443220733135,0.9136455254722069,1.0078983984391021
2024-03-07,0.0066454353973557714,0.004612040770321711,0.9264048819685018,1.0171802955063485
2024-03-11,-0.006967209397634917,-0.011051685421501317,0.9130298631537348,0.9950097898270398
2024-03-12,-0.008736907356499856,-0.011012581990527227,0.8963887004739128,0.9731601124478955
2024-03-13,-0.020799901971981914,-0.02898167891595477,0.8573513948697669,0.9167953377074467
2024-03-14,0.025537665987136752,0.029880559077351522,0.90539465982689,0.9749345443095572
2024-03-15,-0.0039034264629850034,-0.0004594123046025747,0.8979715890200832,0.9740274434617164
2024-03-18,-0.0002941567240330597,0.0016431380413718239,0.8974133700211102,0.9772737093498836
2024-03-19,-0.020086708793146307,-0.017638122876608306,0.8596808103393621,0.9427040806061848
2024-03-20,0.004579354427035546,0.005444053998572262,0.8682164768958607,0.9533091075013964
2024-03-21,0.012333465780368227,0.01385799317574201,0.8914007381427966,0.9805664818204369
2024-03-22,0.006940671770327537,0.007089530471774602,0.9045739925872169,0.9946576591399816
2024-03-26,-0.0011300735410846151,-0.00032675506720335245,0.9024228995867225,0.9940060011146006
2024-03-27,0.0009144055188027371,0.0038579563889241594,0.9041632811711975,1.0017136476282715
2024-03-28,0.007199942107591548,0.007397772770738489,0.9179226203424296,1.0165767795974543
2024-04-01,0.012664522866065779,0.012373747686660231,0.9423666545237175,1.0416844092452635
2024-04-02,0.0023816482907249724,0.005285097408876346,0.9469982019156158,1.0525034749509765
2024-04-03,-0.0018736074129455673,-0.0005206275176498302,0.9433537068940969,1.051435163282202
2024-04-04,0.00058601198805884,0.0015667827085290526,0.944492869212163,1.05465183567902
2024-04-05,0.0043539868189880135,0.0037000971646289488,0.9529776233843144,1.0622683293041448
2024-04-08,-0.0020096231480882685,0.001058863208544035,0.949056815337511,1.0644531458709974
2024-04-09,-0.0037693750520623077,-0.005096687601115985,0.9417239181049328,1.053958040973444
2024-04-10,0.003909543397280634,0.005551708088500005,0.9493300305536683,1.0653927280959827
2024-04-12,-0.004691242416593298,-0.0036256171177369506,0.9402066675162832,1.0579179633716587
2024-04-15,-0.011841696676489244,-0.011759251230734189,0.9173668267967399,1.033860117381583
2024-04-16,0.002012564924946229,0.004463970397508877,0.9212295376950419,1.0429595033226788
2024-04-18,-0.007520989703785652,-0.007370286643972199,0.9068341916046347,1.0279576580408198
2024-04-19,-0.0047050867445337366,-0.0055335969770296065,0.8978834448581388,1.0167667492204533
2024-04-22,0.00886703387062062,0.011317992774541655,0.9147868725275019,1.0397221602615412
2024-04-23,0.006365852220358381,0.003518196468059032,0.9270150027319568,1.0469109419196636
2024-04-24,0.0034256995110696787,0.0044041319196640874,0.9336276971697981,1.055945688239567
2024-04-25,0.004607527314169162,0.0011855038419233115,0.9425574959480507,1.058384465055778
2024-04-26,0.0023322614468628644,0.003564975228939799,0.9470933352296709,1.0657356502964337
2024-04-29,0.005951453560377644,0.00819999856107805,0.9587159221293156,1.0827443198844007
2024-04-30,0.0007577411525220388,-0.00044192704054079565,0.9602006842512514,1.0818241022004265
2024-05-02,0.0036434901610383676,0.0032036126961886083,0.9673556828262091,1.0885041547628784
2024-05-03,-0.0032469013390347664,-0.0036688800198873602,0.9609782321047118,1.0808557227671067
2024-05-06,0.002023503077791764,-0.0025479205030707686,0.9649502949782609,1.075560616426749
2024-05-07,0.0018347928837797213,-0.008123022322340386,0.968558881288361,1.0587690825406701
2024-05-08,0.005553556315289184,0.005240073734398616,0.9795217973048014,1.0695854989950768
2024-05-09,-0.019160541824994305,-0.018232988921997685,0.941954144735818,1.0321926966991848
2024-05-10,0.009836090703461179,0.008737454569285708,0.9611496313579073,1.0500266864418317
2024-05-13,0.002579921093337192,0.002417090896798129,0.9662157749744094,1.0549877805761971
2024-05-14,0.0039910720255991565,0.00827068292727635,0.9740787641911168,1.0720544119916515
2024-05-15,-0.0039825954020972255,0.0021548194744166146,0.966232441915897,1.0765241291779812
2024-05-16,0.006588272054983759,0.006798968386905267,0.9792292825164624,1.090690454715682
2024-05-17,0.001348859297227774,0.001085953505311781,0.981900785671415,1.0929620805602838
2024-05-21,0.003154054272965181,0.006890029969409321,0.9881616767178254,1.1074324453985467
2024-05-22,0.005769448056788023,0.004457614544035321,0.9996654254706163,1.1168475357494962
2024-05-23,0.0064838287654425345,0.005546187934088215,1.0126730376726183,1.1286205876112283
2024-05-24,-0.0037142854428234857,-0.0026982461833469267,1.0052112616691224,1.1228847870159182
2024-05-27,0.004465347983962913,0.004077090040241007,1.0141852488102594,1.1315576474402351
2024-05-28,-0.0024263152266461798,-0.004262112346454471,1.009304124439577,1.122492042311185
2024-05-29,0.0006984302991690865,-0.001230846544184269,1.0107079735086266,1.1198811874263206
2024-05-30,-0.017764894741799493,-0.016515831360448388,0.9753033686531534,1.085157124921897
2024-05-31,-0.00288421389931347,-0.00019958721798217063,0.9696143792967549,1.0847409957406922
2024-06-03,0.01772521557898641,0.021680488111202663,1.0048374649668417,1.1304327177877913
2024-06-04,-0.027779825748844703,-0.0431198660555885,0.9499099009541909,1.0405211622577624
2024-06-05,0.03898550735728389,0.03766332106519388,1.0274293777668482,1.1188395738343502
2024-06-06,0.01504545480589067,0.018016564672702025,1.058163600257592,1.1573597426497262
2024-06-07,0.01827071819026527,0.01894457892386927,1.096113356346423,1.1986196059334242
2024-06-10,0.0019662897006513355,0.00325638559572911,1.1002389772040666,1.2057908289453354
2024-06-11,0.002212526117935467,0.0008010453007148799,1.1048909552087296,1.2075584752110684
2024-06-12,0.004976220497849637,0.0054508564740781635,1.1153914614745766,1.219624414594394
2024-06-13,0.007197752422463403,0.009019161108162537,1.1306724539184314,1.2397341147832592
2024-06-14,0.00406745598238377,0.002399044226423454,1.1393565193920816,1.2451137864349757
2024-06-18,0.00438084956575939,0.004063778942638117,1.1487492775793542,1.25425599594193
2024-06-19,-0.007683301910122542,-0.006074585599861116,1.1323030497234479,1.2406038325292656
2024-06-20,0.0029870716567893685,0.0032105028107578485,1.1386819140463706,1.2478088571185317
2024-06-21,-0.0031083140605341264,-0.002087278785181843,1.132044539847683,1.2431219465240844
2024-06-24,0.003540607598017032,0.0024263892516929305,1.1396066522813246,1.248571241887718
2024-06-25,-0.000967335815655103,-0.000803313699726805,1.1375379348686967,1.246765659126079
2024-06-26,-0.0018571417007549299,-0.0011081612018044946,1.1335719079098263,1.2442772596216325
2024-06-27,0.005829751677328209,0.007196135227146971,1.1460464286679142,1.2604856311407575
2024-06-28,0.0032335662791555917,0.0029938100199611126,1.1529970436139383,1.267263236041729
2024-07-01,0.007236992447431621,0.0062275254212766085,1.1686347838108295,1.2814267314707104
2024-07-02,-0.0034876353697716024,-0.0029003579407741835,1.16108455031855,1.2748193638312015
2024-07-03,0.006089161950600599,0.007225211516310045,1.1742838898086623,1.2913149351314095
2024-07-04,0.007696542711816689,0.009201396266437338,1.1910829229455944,1.3124955278954298
2024-07-05,0.012069420057809166,0.011985078182565917,1.2176882556242754,1.3403777189600912
2024-07-08,-6.194163572697219e-05,-0.0024559307445022145,1.2175508926404772,1.3346369656980568
2024-07-09,0.007466940555014701,0.006005315193099196,1.234171187488109,1.3486993788883344
2024-07-10,-0.002863629668902208,-0.00489992717181445,1.2277825003729972,1.3372190722859147
2024-07-11,0.0006668277311480736,0.0022992562793188913,1.2292685429353427,1.3425991205987748
2024-07-12,0.006951093210591695,0.007784430252235346,1.2448183779340014,1.3609060822490453
2024-07-15,0.007839564125684354,0.008899737720577481,1.2624859380581546,1.3820113033263874
2024-07-16,0.0023152222612368143,0.0006273796659271306,1.2677301642998189,1.3835061976662257
2024-07-18,-0.00027089124184719103,-0.00042927302802271824,1.2671159392572857,1.3824832423227202
2024-07-19,-0.021042500044054155,-0.018006548838846288,1.2199085743813423,1.3399668767398754
2024-07-22,0.006521902934974115,0.0019640316955044316,1.234433917580679,1.3445671619264106
2024-07-23,0.006263111215732679,0.004395454919560418,1.2484723419272834,1.3548952829594523
2024-07-24,0.0024491702864688778,0.004608806935802072,1.2539859827436062,1.3657735894241916
2024-07-25,0.000751213966083991,-8.021525545486561e-06,1.2556798446399005,1.3657546123870214
2024-07-26,0.0172500437689532,0.016832167657080326,1.294927963340597,1.4059124139551287
2024-07-29,0.0038820724868965316,0.0038681931252028756,1.303854355286361,1.4152369707810566
2024-07-30,-0.001453590412440591,-3.244502404609566e-05,1.3005079274408025,1.415158609630684
2024-07-31,0.0038571629904099935,0.001921964804317763,1.309398496642312,1.4198049230704193
2024-08-01,0.0009438148411621988,-0.0005169227030441888,1.311579170131726,1.4185543942099716
2024-08-02,-0.011514427127189062,-0.009531693969529152,1.2851153107043323,1.395610992324904
2024-08-05,-0.02169299140973772,-0.022967421446612478,1.2360781284872906,1.341217020735277
2024-08-06,-0.001391085889967245,-0.0026118193245369555,1.2329697142907148,1.3351101633531917
2024-08-07,0.024189972346325254,0.021972280232350032,1.2876438062750633,1.386985682935964
2024-08-08,-0.0037083861071454997,-0.004893742554062246,1.2791760503241747,1.3753329255764295
2024-08-09,0.008350987431641432,0.008117486536307448,1.298289116284706,1.3946931304107557
2024-08-12,-0.0015302007863951693,-0.0024264712974843296,1.294774961838256,1.3888895202577833
2024-08-13,-0.0036030743255485043,-0.004476847353837768,1.2865215947667075,1.3782187301018793
2024-08-14,-0.0014087041359846183,-0.002015657931736224,1.2833028300150398,1.37342988261573
2024-08-16,0.01692442028517603,0.015846475491465558,1.3222752694662474,1.4113399583250286
2024-08-19,0.006509395166980986,0.0072258198515718925,1.3374411837953382,1.4288269693739655
2024-08-20,0.004622899878046603,0.004621071689362379,1.3482719558573901,1.4400767258669012
2024-08-21,0.008017864315769221,0.007921622934480598,1.3671757645917433,1.4594828561626354
2024-08-22,-0.0003735945400032986,-0.0005378308929682211,1.3662915658270633,1.4581604259556524
2024-08-23,0.0002152451671010528,-0.0004434756895958737,1.3668009534702068,1.4570705332539355
2024-08-26,0.0026136358097935746,0.0022985290669062107,1.3729950001619624,1.4627246769114834
2024-08-27,-0.0018140952872311715,-0.0012314249231732339,1.368694063449567,1.4596938828460888
2024-08-28,0.000905384168263708,0.001229240123432974,1.3708396126806646,1.4627192963571267
2024-08-29,0.0009501401109259526,0.0009086452697538645,1.3730933129892282,1.4649580515596226
2024-08-30,0.0050199801440832395,0.004885895365043052,1.3850361456116675,1.4770310483611415
2024-09-02,0.002820561563262853,0.0020932609230615764,1.3917727829750315,1.4822215513030894
2024-09-03,0.0028862408892443617,0.0026784892000668954,1.3986859871662043,1.4888790669820975
2024-09-04,-0.0002526347219864507,-0.0002976218994663552,1.3980800723394884,1.48813843228666
2024-09-05,-0.002198654179581097,-0.002971350162223906,1.3928133155755154,1.4807562746712368
2024-09-06,-0.012161167410745563,-0.012502041023418098,1.3638901385240265,1.4499348249217618
2024-09-09,-0.0006595556795763926,-0.0006978321233281027,1.3623315354065388,1.4482257780841175
2024-09-10,0.011123021002583725,0.011147223025813089,1.388754477737693,1.4756693726051822
2024-09-11,-0.0009547276809606862,-0.002268380864813098,1.3864749560491552,1.4700599761018927
2024-09-12,0.011787426611848898,0.011727573625712532,1.414771800304488,1.4991983133659614
2024-09-13,0.0017243356719179375,0.001292616396263866,1.4189392694845728,1.5024309068849258
2024-09-16,-0.0008115112927750087,3.784918917010513e-05,1.4169770692323649,1.5025256236581708
2024-09-17,0.0026138525540423583,0.0011535245670891013,1.4233029547822342,1.5054140140391836
2024-09-18,-0.011364357653815051,-0.011024291661074109,1.3959195653262744,1.477945289035084
2024-09-19,-0.004435762881022474,-0.0034883325660847123,1.3853153704867434,1.4693164506652874
2024-09-20,0.015827785268305142,0.013601762005087583,1.4233699957399208,1.503132966081063
2024-09-23,0.01066027237074636,0.012488541447075393,1.4493419681423525,1.5345894599008147
2024-09-24,-0.00010391056272915106,-0.0006599859602903556,1.4490874688629374,1.5329172183308595
2024-09-25,-0.0037947582985932,-0.003626073360006466,1.4398113852455765,1.5237493064881034
2024-09-26,0.004770468866880446,0.002956077046504785,1.4514782355474574,1.5312207415122416
2024-09-27,0.007481721892153098,0.006521990670475271,1.4698882975354235,1.5477832912615939
2024-09-30,-0.008892886630683591,-0.008001716330132698,1.448021235676023,1.5274779990297356
2024-10-01,0.0032598967746631288,0.001943714475970408,1.456014553823835,1.5323954721377842
2024-10-03,-0.017171559413990164,-0.019015781426282345,1.414200983527163,1.4846949619589318
2024-10-04,-0.009739531115819797,-0.009393998384473107,1.3908019307955666,1.461463032699167
2024-10-07,-0.015342179224300017,-0.019970258354245547,1.3544017620339477,1.4127945584592552
2024-10-08,0.018426822769362174,0.017269663743402948,1.3981880885141593,1.4548245868085017
2024-10-09,0.006929778521611628,0.004949100901317422,1.4148647167540265,1.4670038747866663
2024-10-10,-0.005669421130950372,-0.0023530571500756142,1.401212568157984,1.461205698075735
2024-10-11,0.0029828525203637437,0.0029030564702982936,1.408385724033343,1.4683610984426165
2024-10-14,0.002705689901756324,0.0026659519334142723,1.4149108925268798,1.4749504099766022
2024-10-15,-0.0010467529828252064,-0.00107378769360245,1.4123843998844134,1.472294265007199
2024-10-16,-0.001789111115663607,-0.0013978146021512497,1.4080722347608452,1.468840870147933
2024-10-17,-0.017624475065032133,-0.016942448859084736,1.366003038418424,1.4273650034600602
2024-10-18,0.0015310686667069754,0.0017392502729658764,1.369628326109885,1.4315904722135904
2024-10-21,-0.010800110586113191,-0.011260744979229641,1.344173781510965,1.4043625431128017
2024-10-22,-0.02156548304251681,-0.021225883341697366,1.294161746665082,1.353865640824155
2024-10-23,0.0059607611622149535,0.004657248314756011,1.3078775345614355,1.364853744916723
2024-10-24,-0.009087671558035974,-0.008154807587607102,1.286999312430705,1.3456472367806023
2024-10-25,-0.009538453645284838,-0.009218566608142225,1.2652885835000975,1.3241230947875757
2024-10-28,0.005928319267812855,0.005697634417704413,1.27875782298482,1.337402894319656
2024-10-29,0.0021874199250658116,0.00165095095833619,1.2837478789354195,1.341265019080108
2024-10-30,0.005790322688679251,0.004343422943007393,1.2970098746575909,1.3514562396485412
2024-10-31,-0.003477685981590359,-0.0005767909805382946,1.2890354698918207,1.350100331973631
2024-11-01,0.005667242441030779,0.005455870024280597,1.302044817600442,1.3629572147776097
2024-11-04,-0.010527859213411934,-0.010050755773042418,1.2779363418501988,1.33932666030065
2024-11-05,0.007677301329865525,0.007408273094217698,1.2954920495567976,1.3567213839328387
2024-11-06,0.018165413775997376,0.01647550967446672,1.3375716520312602,1.3958711908324934
2024-11-07,-0.008678865135211902,-0.008975682889620546,1.3173719648907083,1.3744628318264174
2024-11-08,-0.005551261712447818,-0.00534312058124313,1.304543267302003,1.3618096245094602
2024-11-11,-0.003665889123258817,-0.005017088743258296,1.296110533381876,1.3499898911472568
2024-11-12,-0.013898868016804206,-0.014248765417567588,1.2644179518227316,1.3167428635061507
2024-11-13,-0.01827638651064303,-0.017939912188970026,1.2234084682142607,1.2755512913180005
2024-11-14,-0.0005551034154920395,-0.0004298411585314855,1.2221745890764666,1.274573375903847
2024-11-18,-0.0027380557997449986,-0.0024623328031627436,1.2160984732229538,1.2689795090743932
2024-11-19,0.002988116740770428,0.002662174406812534,1.222730337627941,1.2750279757173715
2024-11-21,-0.005280863938580757,-0.006112745971710014,1.2110233398804748,1.2611637251148382
2024-11-22,0.016486909568822202,0.01634254411646266,1.2477784381756214,1.2984204990791248
2024-11-25,0.01928998700538461,0.019049269729187662,1.291558960324953,1.3426234110452393
2024-11-26,0.0021873292041099334,8.528438010580765e-06,1.2965768400385995,1.342643390048977
2024-11-27,0.0063363727853727025,0.006930125916625881,1.3111750079015771,1.3589345885473159
2024-11-28,-0.002961179809133693,-0.0028262931627306837,1.304341326006706,1.3522769604844358
2024-11-29,0.005493184993655258,0.006105400442148577,1.3170343297902538,1.36668248427647
2024-12-02,0.0013423273308920895,0.0005619981774291225,1.3201466366977348,1.3680129293380188
2024-12-03,0.00840211588491594,0.008829191530049227,1.339722903473981,1.3890131400562966
2024-12-04,0.0026678885344290785,0.0009142477703438192,1.3459733574317574,1.3911982887243597
2024-12-05,0.0028732180207197634,0.0016711930445539695,1.3527235430922206,1.395197783705878
2024-12-06,0.0023020500846010795,0.002485785305956511,1.3581458693623585,1.401159137414536
2024-12-09,-0.004316184667075322,-0.004966492307748668,1.3479896102303819,1.3892633636152194
2024-12-10,0.0012964263732190531,0.0010196024341898218,1.3510355798962133,1.3917007047049834
2024-12-11,0.005790411888703148,0.004595339652232331,1.3646885342360484,1.4027166734631282
2024-12-12,-0.0074893871327171915,-0.00841295247976852,1.3470446198793056,1.3825875237813539
2024-12-13,0.003214607772463346,0.003419064807999966,1.354601587592641,1.3907476870500641
2024-12-16,-0.00016710635017509593,-2.686557413152102e-06,1.3542081515889643,1.39074126417777
2024-12-17,-0.0105159309840197,-0.010504770664892242,1.32958117588031,1.365758524192671
2024-12-18,0.000721886038810925,-0.0013552280281125073,1.3312634751485755,1.3625545534787746
2024-12-19,-0.0020860395730797304,-0.004463933480905999,1.326405436076687,1.3520317710810525
2024-12-20,-0.01571257450804399,-0.014959652217238384,1.2901372964182998,1.3171080683046221
2024-12-23,-0.0013937376406335232,-0.0018993139945747029,1.2869476691341877,1.3127113292392987
2024-12-24,0.0016370392792385508,0.0016464335968349253,1.290694558363772,1.3165221911762464
2024-12-26,-0.0006290753684605654,-0.0005501439040601448,1.2892539920003534,1.3152481211072256
2024-12-27,0.0040987624989117025,0.0033414577658126415,1.29865635627911,1.322997364595956
2024-12-30,-0.0027499340929058964,-0.006157317764817347,1.2923438862134056,1.3087378768051656
2024-12-31,0.0019648656913766774,0.004862810461103424,1.2968524619906736,1.3199921730818227
2025-01-01,0.0051571955828756,0.006527206585567038,1.3087283762468087,1.3351847699422823
2025-01-02,0.015279087046862271,0.014999658922416358,1.344274502736389,1.3704757597437807
2025-01-03,-0.0023491939925296165,-0.001774917645420797,1.3387738107836928,1.3662720921752198
2025-01-06,-0.021592062928459124,-0.022781132708724262,1.288816144930021,1.3129751212870722
2025-01-07,0.006334210011742757,0.007851725641443215,1.3033600003600014,1.3312074513136034
2025-01-08,-0.003447501249261598,-0.003961985640314202,1.295432836186825,1.3219895135934272
2025-01-09,-0.0009585142355541263,-0.004089710753521041,1.293233685263687,1.3125126401546954
2025-01-10,-0.012263025360053735,-0.013312075931722758,1.265283430035685,1.2819322918526348
2025-01-13,-0.020927872022989253,-0.021982808295867226,1.2183684954774088,1.2323163585453512
2025-01-14,0.007461465604888564,0.01045914896940726,1.2349826817142513,1.2557870154731972
2025-01-15,-0.0008218689203840678,-6.511131667723719e-05,1.2331465735340306,1.2556401429920587
2025-01-16,0.0038087810656358316,0.005175490649206584,1.241668358424572,1.267344449097831
2025-01-17,0.0018248574272513593,0.0007644419660600638,1.245762818344427,1.269078365000838
2025-01-20,0.008139088357598828,0.009521006451109884,1.2641158675818307,1.2907854474100295
2025-01-21,-0.013572538416938612,-0.015834966376822003,1.2335936683985853,1.2547966297343738
2025-01-22,-0.000651695728392026,-0.0012552545581507569,1.2321385191547005,1.2519680616450963
2025-01-23,0.003907668546443517,0.005040117692508456,1.2408780410938558,1.2633468969623256
2025-01-24,-0.009760352925960293,-0.012170252703335558,1.219112672178456,1.2359683332212876
2025-01-27,-0.0158589415353885,-0.017041397876406975,1.1841974847863161,1.198187143686825
2025-01-28,-0.0038790337944238783,-0.004136372455213273,1.17574132040609,1.1891134020590624
2025-01-29,0.017574449538492028,0.018345183314064185,1.21431675459479,1.2296437200862869
2025-01-30,0.0052793323064702635,0.0053783572374566675,1.2260377809472351,1.241667846564125
2025-01-31,0.013714809087650253,0.011843296592404228,1.2567777788987722,1.2683744184960561
2025-02-01,0.004170682726154489,0.000481318246990541,1.266209738180732,1.269466491290883
2025-02-03,-0.0139594980981558,-0.013222991187888477,1.234794369193828,1.2396548895214767
2025-02-04,0.012189750373608123,0.014820293610583284,1.262202665453008,1.2730944122877967
2025-02-05,-0.0011319295646223327,0.002777418859990119,1.2596434600681845,1.279416523089819
2025-02-06,-0.0013831583900815762,-0.00015260475043383116,1.2565201757541864,1.2790686998405931
2025-02-07,-0.0036701062199412343,-0.0025341794526170668,1.2482536857488333,1.2733004427566543
2025-02-10,-0.00881711170060471,-0.010367766385086923,1.228517716849859,1.2498531528847718
2025-02-11,-0.01862208558410991,-0.019958796983368547,1.1874020867655268,1.2053939426039593
2025-02-12,-0.0013496559549856853,-0.0015974096478353734,1.1844518378715105,1.201873837316366
2025-02-13,-0.002222783804334493,-0.0015097358395220702,1.1796016661434878,1.198552097575769
2025-02-14,-0.011166480417649517,-0.014267254176618683,1.1553985700101204,1.1674074982368774
2025-02-17,-0.0027625347405984815,-0.00223487068103879,1.1494524235802235,1.1625690314528518
2025-02-18,-0.004371387756289636,-0.0030667645604929034,1.1400768406571107,1.1559471005290747
2025-02-19,0.0037395855315987773,0.0061191316065898615,1.14809482366962,1.1691800704252286
2025-02-20,0.006199820764033733,0.008878819694862441,1.161453996006161,1.1885255847336627
2025-02-21,-0.008039425604593812,-0.007638371948074693,1.1441468105394352,1.1718724945164247
2025-02-24,-0.004851978706485879,-0.007062398137868421,1.1337686535294753,1.156587902721454
2025-02-25,-0.0018875817504209731,-0.003990342950838257,1.129744789640215,1.1479995240700154
2025-02-27,-0.007576749656960872,-0.008107865732650462,1.1136692237094956,1.130654243955679
2025-02-28,-0.025512288169414726,-0.024748790456960178,1.0604267419747275,1.0785702943491455
2025-03-03,-0.002330130022496835,-0.003749430652517474,1.0556312689716592,1.0707914314407012
2025-03-04,-0.0032945497773535265,-0.002815612126267335,1.0488700331616831,1.0649690865542683
2025-03-05,0.018318106870774693,0.02024364823091151,1.0867473142881474,1.1071975816381934
2025-03-06,0.01073345791448968,0.012734688185004577,1.1092659640620717,1.1342036779231552
2025-03-07,0.0006916333084786772,0.0009571274408887789,1.110725307266268,1.1362473607041594
2025-03-10,-0.01141643228933429,-0.011005992915399688,1.086765383372882,1.1128647478535747
2025-03-11,-0.0006544539718917815,-0.0010513698405513667,1.0854001382730956,1.1106445129290532
2025-03-12,-0.007618429746105829,-0.005279115573227888,1.0695730292372785,1.0995315357657134
2025-03-13,-0.0035355741534150095,-0.003576871074251145,1.0622688202215285,1.0920351968572062
2025-03-17,0.0020898080597911467,0.00347232148698737,1.0665830726330792,1.0993120420843887
2025-03-18,7.258336491700272e-05,5.8721176657761616e-05,1.0667330776302393,1.0994353197771418
2025-03-19,0.02662117361280952,0.026898431859872618,1.1224908130191031,1.1566731911140309
2025-03-20,0.009857897067193663,0.009353982256627912,1.143517578546812,1.1769413199526926
2025-03-21,0.008696247100046905,0.010191087199642485,1.1622394239841607,1.1992401504430164
2025-03-24,0.014897691141907154,0.015248607089654604,1.1946929400984931,1.2330324876488938
2025-03-25,-0.0085831503210551,-0.009296680936983735,1.175936171917007,1.2123688973187856
2025-03-26,-0.0069789544147334445,-0.008921932266866616,1.1608032798673085,1.1927180838326978
2025-03-27,0.006120406150165678,0.007383708839215602,1.174068827410193,1.2089683956864645
2025-03-28,-0.006179845175176608,-0.006884483164239573,1.1606748476440933,1.193813018285086
2025-04-01,-0.006203340952089043,-0.006909410645814542,1.1473129319856397,1.1787073091308842
2025-04-02,0.008247659865087091,0.007677882414674749,1.1650964741674157,1.1954995495986487
2025-04-03,-0.0026971567341127008,0.0014646765581353117,1.1592647377210472,1.1987176024503285
2025-04-04,-0.022097256677888623,-0.023270867720072603,1.1120742212545807,1.1481422840727675
2025-04-07,-0.025486115530341316,-0.02869823477134468,1.0589258038100002,1.087370583595857
2025-04-08,0.018506523795690923,0.01799577004451287,1.0973841305300778,1.125274456387097
2025-04-09,0.0031091792725359774,-0.005301665712026667,1.1039154220118204,1.1140367772042858
2025-04-11,0.016533022221806283,0.01873321122525557,1.138988636647078,1.1540127447438495
2025-04-15,0.01467688196523504,0.01991121607613754,1.1706138323253188,1.1973315922410164
2025-04-16,0.007086622859005994,0.004774341715782372,1.1860507872625257,1.207847487388468
2025-04-17,0.011273266465782373,0.00990751510314971,1.2108341525667834,1.2298304883537008
2025-04-21,0.007847176641959098,0.012344254825909682,1.2282512066623013,1.2575266768286544
2025-04-22,0.010520548526582475,0.005507003151014423,1.2518173787780005,1.2699931783770664
2025-04-23,0.005768489046896199,0.009876299450680534,1.2648444999423591,1.292523385156986
2025-04-24,-0.0029000407110757586,-0.0002752876953213553,1.2582858734268547,1.2918923685373565
2025-04-25,-0.01375180757099459,-0.015148901699628134,1.227442919899505,1.257434375689114
2025-04-28,0.008362944190487893,0.011899151657745584,1.2461490106994226,1.2844563803124451
2025-04-29,-0.002426312672138742,-0.0009422989492653103,1.240705757079235,1.2823047533627485
2025-04-30,-0.006761728149745773,-0.006429156182396142,1.225605822245433,1.2676785271738793
2025-05-02,-0.008559017336590181,-0.008272016217791733,1.2066381117027416,1.2489976245071621
2025-05-05,0.005575483675048346,0.0071027623615227,1.2189755480987579,1.2650285848407559
2025-05-06,-0.0020512568231765217,-0.009463045368732876,1.2144285245161912,1.2436956132157895
2025-05-07,0.005155546512427956,0.004806909264767705,1.2258745937913402,1.254506817868874
2025-05-08,-0.00914844775574002,-0.009527139935443856,1.2056041592410573,1.2331298085020403
2025-05-09,-0.005819350396066484,-0.006693479309191077,1.1928062496800234,1.218232313990311
2025-05-12,0.03789185780665923,0.03873444503895669,1.2774900331085135,1.3058400773837229
2025-05-13,-0.002554283996558616,-0.002498570358111187,1.271680100033005,1.300085965236358
2025-05-14,0.005287292547708275,0.005438802862903716,1.2837229462669946,1.3126297600615722
2025-05-15,0.009513872909920914,0.010231153572577685,1.3055536788821396,1.3364120831392956
2025-05-16,0.004895333847024099,0.007066542030806873,1.3168678044588686,1.3529809105353037
2025-05-19,0.003615607680452053,0.004691879589821623,1.3252598515199994,1.3640467531451912
2025-05-20,-0.012076802718950057,-0.012157200649898534,1.2973470350659735,1.3354805567457468
2025-05-21,0.004924513587976414,0.0039097317795446646,1.308688253829915,1.344629532665647
2025-05-22,-0.009552842420284981,-0.008873977884483769,1.2867387258545393,1.3239153864153876
2025-05-23,0.00728271656923659,0.006713892463225475,1.3034531853232898,1.3395703986418557
2025-05-26,0.008287878239362976,0.007568926656059811,1.3226232547230037,1.3573456202102472
2025-05-27,-0.0024005131687176613,-0.0027576165031875334,1.3170544536783595,1.3508539199479435
2025-05-28,-0.0037503800402613205,-0.0041138882132602085,1.3083808936426897,1.341202635479867
2025-05-29,0.003541843455864321,0.0036006273973993043,1.3165713134346864,1.3496476283446093
2025-05-30,-0.0031558960312433027,-0.0030677704268223987,1.3092719792486718,1.3424504940592605
2025-06-02,0.0017755039901743944,0.002918224158035623,1.3133757429085384,1.3492962735813783
2025-06-03,-0.002342796685324767,-0.00330041509047953,1.3079623176395834,1.3415554017797042
2025-06-04,0.0026200419960341723,0.002949630829646155,1.3140172044021554,1.348472321947653
2025-06-05,0.004997114213631946,0.0049695470862015645,1.3256095526862057,1.3601722132337835
2025-06-06,0.00534533177660364,0.007036597658755411,1.3380739909286525,1.3768383632328676
2025-06-09,0.008849805357812737,0.009718545233999312,1.3588573192215332,1.4000503852247976
2025-06-10,0.0032186210868250494,0.004335783931856396,1.3664618185660502,1.410479077060518
2025-06-11,0.0015286727085552308,0.0033069503981387597,1.3700821305950206,1.4184636067494107
2025-06-12,-0.01162794904378054,-0.010563510678274213,1.342682545562476,1.3930506022015274
2025-06-13,-0.004674996562716917,-0.0049880528729981275,1.3317560732251148,1.3811436601858667
2025-06-16,0.004097355875630601,0.005320043586225986,1.3413297075719819,1.3938452046707646
2025-06-17,-0.004878852760702842,-0.004855180818143765,1.3299345249769892,1.3822508225382824
2025-06-18,-0.00397162876320533,-0.004600189585499305,1.3206992416992063,1.3713171847988552
2025-06-19,-0.006471478692681782,-0.008064548100818148,1.305729376830031,1.3522704880290006
2025-06-20,0.008133672976780443,0.008773685894584033,1.3245599024090717,1.3729993718163032
2025-06-23,-0.0012176027807389018,-0.002370853699777493,1.3217312342544814,1.3673800014607438
2025-06-24,0.012466129888442647,0.007889415408921734,1.3508553929920648,1.3861311161293681
2025-06-25,0.006803865593233676,0.007440685441224682,1.3669048343218062,1.4039517839595956
2025-06-26,0.003562168024762197,0.0037072934680364017,1.375351181763338,1.4128804791260294
2025-06-27,0.004408857842030543,0.0034161929523135017,1.3858468874845573,1.421137440069335
2025-06-30,0.003069091705156163,0.002571005994416025,1.3931805184131485,1.4273702077493389
2025-07-01,-0.0014434589879415952,-0.0010586928184281958,1.389728552469081,1.4248017281980583
2025-07-02,-0.0010328817863538135,-0.002625072408049575,1.3872615196688574,1.4184447954412356
2025-07-03,-0.0005484456729992818,0.000370292743162613,1.385952595387816,1.419340493823798
2025-07-04,0.006252584268740143,0.006035797246738594,1.4009177015907093,1.4339873006271584
2025-07-07,0.0054850375719944135,0.0037442644002247936,1.4141230080848475,1.4431178756037308
2025-07-08,-0.0012062996451402738,-8.956306037088144e-05,1.411212608117018,1.4428990722884385
2025-07-09,0.001902079851493718,-0.00010333256758446644,1.4158032915757852,1.4426466542966736
2025-07-10,-0.004304369098796362,-0.005117995172035232,1.4054271299738743,1.4301771371958902
2025-07-11,-0.004673194671200265,-0.005393804619687255,1.3942123256198595,1.4171045237815236
2025-07-14,0.0038756315106181077,0.002861031140364487,1.4035094147607015,1.4240298371382356
2025-07-15,0.009376484677412558,0.007325593133229821,1.4261518713934676,1.4418524945329128
2025-07-16,0.001634293992755658,0.0013136769895620833,1.4301201586131338,1.4450624078999246
2025-07-17,0.00028787621494632393,-0.0005871024870337762,1.4308198331112512,1.4436273269903008
2025-07-18,-0.002772330526384402,-0.0028095237398361467,1.4240901298749056,1.4367715332710538
2025-07-21,0.00244793452819394,0.001029104771125634,1.4300314127721836,1.439280517264356
2025-07-22,-0.006187564733458746,-0.005325200291770323,1.4150418583445803,1.4263253848943096
2025-07-23,0.0035374501528858083,0.002749900723932311,1.423600076746629,1.4330067211220614
2025-07-24,-0.007047539697616002,-0.007326108427650817,1.4065797053132822,1.4152473829278538
2025-07-25,-0.009570716603713956,-0.009753144226944822,1.3836568818675992,1.391805628088497
2025-07-28,-0.004882118042246642,-0.006876493078895447,1.3720479487473347,1.3754148134906217
2025-07-29,0.008096335051854756,0.00710026895840665,1.391330798572445,1.3923409163866132
2025-07-30,0.0015466611364523828,0.0016471154022904702,1.395032238681912,1.396284624937468
2025-07-31,-0.0033127558963349933,-0.004509516652084277,1.387111208974253,1.385502868045545
2025-08-01,-0.007978024252635448,-0.0066722081352401305,1.368142544698201,1.3696392778422468
2025-08-04,0.008251939949958424,0.008902298157689632,1.3877651657660732,1.3908286905146294
2025-08-05,-0.003668927613943917,-0.002759446589702383,1.3790206794665547,1.3842404206080454
2025-08-06,-0.009557722545464737,-0.008533700823386614,1.3563909763625341,1.3639805947638597
2025-08-07,0.0051469865773965335,0.004684962658720801,1.3685505548388242,1.3750817394957422
2025-08-08,-0.00434034849140144,-0.0038929838058733342,1.3582924978862998,1.3658535589795817
2025-08-11,0.0064555661665647674,0.005958107749006302,1.3735658571951,1.3799916457003487
2025-08-12,-0.0008772560517090206,0.0005407901991296136,1.371484545237978,1.3812790699381825
2025-08-13,0.005641379472368358,0.0036366049380864825,1.3849007969729086,1.389954606351075
2025-08-14,-0.0015077125447871204,-0.002458552402568135,1.3813077614362559,1.38408599481216
2025-08-18,0.010310252290027628,0.01145177416522541,1.4059866494013362,1.4115449359244714
2025-08-19,0.005350641384573495,0.007371500230577356,1.4188947235804896,1.42938732175659
2025-08-20,0.007878100925961442,0.008810141079852292,1.4380262815653988,1.4508851270955847
2025-08-21,0.001318658216147809,0.000520937765714866,1.441243325577363,1.452162218331364
2025-08-22,-0.0056463078229175845,-0.005074306863947626,1.4274981555382924,1.4397507112846277
2025-08-25,0.005817314408582232,0.004835098823641683,1.4416608299602287,1.4515757115639683
2025-08-26,-0.007998114901843656,-0.0082939693236936,1.4222100346274589,1.4313265070364438
2025-08-28,-0.009119509830867092,-0.008533209308942864,1.4002210830276192,1.410667757128592
2025-08-29,0.0015652387087536762,-0.0005947653658153682,1.403980943748481,1.4092344017354903
2025-09-01,0.009623318063551038,0.011095599616958128,1.4272268891551385,1.4361151553012466
2025-09-02,0.004936321391656462,0.003045432908914891,1.4392380823354083,1.443545489113847
2025-09-03,0.0014613663054969476,0.002591401281212961,1.442805308557276,1.4498859077613595
2025-09-04,-0.0020531165689531214,-0.0035204182421844942,1.4377950895453435,1.4412764480615619
2025-09-05,-0.004700108527261243,-0.002759442238592919,1.4263640726109013,1.434549172747273
2025-09-08,-0.001529081432694878,0.0005088295301595636,1.4226567994421262,1.4357882584739623
2025-09-09,0.005664042678934147,0.00542946472494224,1.4364177655109236,1.4490492523732552
2025-09-10,0.009045351847388444,0.007756796163621706,1.4585559945399718,1.468119896146883
2025-09-11,0.0020734854056284266,0.0023224528725152216,1.4636590632545028,1.4738586497022732
2025-09-12,-0.0022711964961417692,-0.0015824073056303733,1.4580699588021147,1.4699470933557723
2025-09-15,0.0002838049858113825,6.777059437529083e-05,1.4587676703142156,1.470114488810545
2025-09-16,0.007087518171703276,0.00884555496327791,1.4762561325465238,1.492060943474673
2025-09-17,0.0033398226977303293,0.003934254979173226,1.4845402149663043,1.5018846584785268
2025-09-18,0.005384403946145798,0.003809947370414524,1.4979540634859525,1.5114348887391587
2025-09-19,-0.0035333931239717536,-0.0028740107848152776,1.489143384736567,1.504227360002366
2025-09-22,-0.006199426112690713,-0.007288125275454444,1.473759858027004,1.4860425842393568
2025-09-23,-0.0033479557196315836,-0.00159272388156573,1.4654916680513321,1.482086156429757
2025-09-24,-0.0042123408007696895,-0.005147000142917583,1.4551280198373666,1.4693436795238228
2025-09-25,-0.009838954705531576,-0.009674402958539371,1.4310905720457758,1.4455694399389118
2025-09-26,-0.01465250536185686,-0.014772140203159645,1.3957287070304814,1.409708667588247
2025-09-29,-0.0013836201935289736,-0.000793359987190746,1.3924162205532609,1.4077976593095833
2025-09-30,0.0004596578545998347,0.00010019677742052031,1.3935161662404805,1.4080389249625456
2025-10-01,0.007862019728524874,0.007711877267493911,1.412408205039105,1.426681216747581
2025-10-03,0.005522981511349396,0.005871396019909674,1.4257687520185964,1.4409711330122428
2025-10-06,0.004246164818033157,0.005994852052309152,1.436090865137992,1.4556483437158825
2025-10-07,0.000543554047603571,0.002153002890237876,1.4374153721260248,1.4609410572666004
2025-10-08,-0.00474727741171167,-0.004680584554816805,1.42587170735609,1.4494493295452178
2025-10-09,0.004425710717034612,0.005059674623995282,1.4366317065283858,1.4618741524346248
2025-10-10,0.011045048136740414,0.009227447959196361,1.4636935958404997,1.4846961002938928
2025-10-13,-0.0025860563359398543,-0.0015586135413361742,1.4573305765165379,1.4808264357450263
2025-10-14,-0.008492763986082152,-0.008580167445797197,1.4365494175404772,1.4596315872259678
2025-10-15,0.0091286991954402,0.006360643468549204,1.4588937765454641,1.4753262881002298
2025-10-16,0.014295186745952594,0.010164347461564093,1.4942965641145647,1.5006146667872455
2025-10-17,0.006150550298168911,0.0036138172009649674,1.5096851361724255,1.5096677793775104
2025-10-20,0.007378418353180049,0.00932373425773201,1.5282711263272954,1.5331766798920583
2025-10-21,0.0022340833760066863,0.0021525177536337687,1.5339258089849852,1.5386352604067328
2025-10-23,-0.00021982593080494375,0.0002556058350087408,1.533368847604954,1.5392842333293513
2025-10-24,-0.006565906194246076,-0.005069649991066861,1.516789474264121,1.526443527482623
2025-10-27,0.0022433200637564745,0.004502228967253531,1.5224417761787077,1.5378437987749947
2025-10-28,-0.00279789204785963,-0.003389862291689298,1.5153941202796841,1.529255422709619
2025-10-29,0.0021492539184396328,0.002155496981645442,1.5208061547839842,1.5347131050348604
2025-10-30,-0.005722300810763525,-0.005700998910068425,1.5064225366245627,1.520303821068604
2025-10-31,-0.004590368084788261,-0.005003247122280768,1.4949435012609165,1.507725610415338
2025-11-03,0.004099967734066883,0.0039273555074659785,1.5051936874722007,1.517593705477473
2025-11-04,-0.005924662411566067,-0.006660516136867832,1.4903951420788841,1.5008809515445765
2025-11-06,-0.0031965340545206124,-0.0037598145344457986,1.4824472188691602,1.4914957573447376
2025-11-07,-0.0011057806384324386,-0.0010277713899954069,1.4797036939465285,1.4889363847373067
2025-11-10,0.009513652843903297,0.008611024511965156,1.5034073092465956,1.510461219389489
2025-11-11,0.0002670314182691704,0.0006655756478777912,1.504075886912538,1.512132677421234
2025-11-12,0.007954217740497932,0.008066235812674925,1.524073278122299,1.5324780770727777
2025-11-13,-0.0031925647318808603,-0.003273604396715875,1.516027860385897,1.5242013005426007
2025-11-14,8.519016811506372e-05,-8.334917627743983e-05,1.5162422103524307,1.5239909192111192
2025-11-17,0.005665433464032147,0.00610744512090022,1.530538271628017,1.5394532247640438
2025-11-18,-0.006498264650622545,-0.006556051686823827,1.5141474777670232,1.5228588942483299
2025-11-19,0.004616177055607535,0.004414629470511483,1.525780056032116,1.534021001628775
2025-11-20,-0.0017239889405457883,-0.0011952358485636755,1.5214293904764813,1.5309940582026171
2025-11-21,-0.006680241168915729,-0.006788335481997426,1.5046417691669967,1.513871005699638
2025-11-24,-0.00569748197631189,-0.006042602896450655,1.4904121927003007,1.4987264837264935
2025-11-25,0.0011551641432286524,0.0007223899680897502,1.4932906898154044,1.5005321908051514
2025-11-26,0.011202076837844285,0.011665378627100622,1.5213777466746912,1.5298726466206345
2025-11-27,-0.0020285564749712276,-0.0017409097269345656,1.5162681738015693,1.5254721982253283
2025-11-28,-0.0003069920084424382,0.00023632168640406797,1.5154958181406877,1.5260690926009444
2025-12-01,0.001540564082412685,0.001461729374631426,1.519374087241577,1.5297642219775902
2025-12-02,-0.000852446760602667,-0.0010483056456685592,1.517227370073205,1.527113645411406
2025-12-03,-0.005135617458018331,-0.003645242633622277,1.5043329918828183,1.5179184725112447
2025-12-04,0.0030219438843428763,0.0037899985034967444,1.5119123921451174,1.5274794864235974
2025-12-05,-0.0005557367165172176,0.0003561958345066979,1.510516818021936,1.5283799244450784
2025-12-08,-0.013993067209806075,-0.01384940486895399,1.475631632057254,1.4936047309153628
2025-12-09,0.0018906635207892415,0.0009710252861374513,1.4803166459717572,1.4960272601409326
2025-12-10,-0.0034794014225024514,-0.003864056628041382,1.4717016249549837,1.4864010794934988
2025-12-11,0.005340188132486648,0.006836058765430363,1.484936282969731,1.5034564928724237
2025-12-12,0.005116600599695826,0.004452545384877657,1.4976832923139174,1.514628099111337
2025-12-15,3.790741915768881e-05,-0.0006721902059913497,1.4977779748359756,1.512938358708503
2025-12-16,-0.005032902220612839,-0.004797520487108647,1.4852384840043253,1.500911358407909
2025-12-17,-0.0036031260997218743,-0.0031401194695635237,1.4762999693267065,1.4930705149950367
2025-12-18,-0.0025522424461817943,-0.0017385969970503201,1.4699879098149817,1.4887398358279977
2025-12-19,0.00917917275799061,0.009084899334430583,1.4927647318155963,1.5114528029978147
2025-12-22,0.008211863835040368,0.007699262139409476,1.5133192563371063,1.530863765635857
2025-12-23,0.0020074653890306392,0.000479271314362661,1.5183697253806079,1.532077026756688
2025-12-24,-0.0037388465697515945,-0.0039058157662599244,1.5089715075668373,1.52220648918308
2025-12-26,-0.0030797457897309686,-0.0031571351478303583,1.5012563995136676,1.5142560992575236
2025-12-29,-0.00342208378553937,-0.004229237979528847,1.4927115195318783,1.503645165769727
2025-12-30,-0.0001227777473047984,-0.00036501420015999804,1.4924054888140947,1.5027314664988083
2025-12-31,0.010233967911658216,0.010289478585548574,1.5180436529183932,1.5286162102117733
2026-01-01,0.0016066302479958814,0.002555055629210206,1.5220924696217168,1.5350852261222347
2026-01-02,0.011567615217929521,0.011793153728378993,1.5514364576269308,1.5651588588466079
2026-01-05,0.002222393916710668,0.0019592072397115355,1.5571130599760878,1.5701894630427895
2026-01-06,0.00018842906441809417,-0.00020308568553288966,1.5575949397962465,1.569667547352335
2026-01-07,0.0010196138990832095,0.001986019812840441,1.5602040290508845,1.5747760291076753
2026-01-08,-0.012202330998383581,-0.011988846457656525,1.5291534023548383,1.5440917367929288
2026-01-09,-0.009501093010306771,-0.009702112573076346,1.5052374742790984,1.5195280249984222
2026-01-12,0.0001822484954409865,0.0008024129196667915,1.5056940916471584,1.5215505381739756
2026-01-13,-0.0018110150134370696,-0.0007135614791614212,1.5011603486056009,1.5197518986384373
2026-01-14,-0.001123456379953548,-0.0009768678775537165,1.498351981888808,1.517291635820757
2026-01-15,0.0,0.0,1.498351981888808,1.517291635820757
2026-01-16,-0.002278296521993981,8.255563194195037e-06,1.4926664743530593,1.5173124175667172
2026-01-19,-0.0028131142899138805,-0.0032974108628388336,1.4856641724296598,1.509025474492533
2026-01-20,-0.019514874920332055,-0.018926885082433467,1.4376269912931186,1.4619840160914581
2026-01-21,-0.005868055488025643,-0.005841110288213897,1.4233647475933826,1.4476452139562461
2026-01-22,0.01739411765002665,0.01649461206702539,1.4658857749230574,1.4883529786816303
2026-01-23,-0.010370349942483774,-0.009699969070659866,1.44044581515442,1.464332717981827
2026-01-27,0.004966771973490125,0.004881199646771649,1.4525971043935435,1.4763910235308946
2026-01-28,0.006274441453287347,0.007711882665326974,1.468034160140217,1.4955624895706405
2026-01-29,-0.001779096845195531,-0.002182981154954638,1.4636471919298586,1.4901206655455859
2026-01-30,-0.0006073012401748383,0.0015991236489751694,1.4621514701576603,1.4941058619523275
2026-02-02,-0.008426210768956006,-0.008331386961891533,1.4414920255788846,1.4734128214517153
2026-02-03,0.02034028314498284,0.02035665366286196,1.4916611622151024,1.524279207782552
2026-02-04,0.0010920217894270115,0.00030491562566404597,1.494383596704457,1.5250490173140565
2026-02-05,-0.003275154728232133,-0.003013828460759616,1.4862274680559917,1.517450408923592
2026-02-06,0.0011727616940711161,-0.0022042069776458317,1.4891449308031692,1.5119075382276805
2026-02-09,0.010193890630818448,0.009981893870635649,1.5146487728270355,1.537106691089015
2026-02-10,0.004286688960680187,0.004105775895618452,1.5254514272289947,1.5475448963883474
2026-02-11,-0.00034569868510439164,0.0006509329053975599,1.5245785328792145,1.5492037170212791
2026-02-12,-0.009090227431829224,-0.009417449187970906,1.5017335302913488,1.525309408858249
2026-02-13,-0.012295017149996161,-0.012720681878278631,1.4711629913866444,1.4933892050345805
2026-02-16,0.005787013738585959,0.00679780128885481,1.4855051045451675,1.510396510033711
2026-02-17,0.005685187188582665,0.005310573282136877,1.4996759099952022,1.5237636167522415
2026-02-18,0.005310018775647717,0.004541545323935156,1.5129845392748278,1.5352514701627413
2026-02-19,-0.015779382092451708,-0.01483003107732345,1.4736424095948712,1.4979310277193725
2026-02-20,0.006483854955612551,0.005943380718081733,1.4897332571795965,1.5128213885343413
2026-02-23,0.007937593450072344,0.006943088242688864,1.5095743888177355,1.5303288367209102
2026-02-24,-0.004854679224860707,-0.0038092162729931353,1.4974207350839195,1.5207086013511777
2026-02-25,0.00789476160287261,0.007921844339831171,1.5172153103240555,1.5407565661017726
2026-02-26,0.0033059660733739133,0.0035170428581806933,1.5255509097518876,1.5497082483346043
2026-02-27,-0.01333146046397954,-0.013599606396031551,1.4921050639873639,1.5152679378733764
2026-03-02,-0.014791195804046597,-0.01381172312382186,1.4555151216143143,1.4807665637126193
2026-03-04,-0.01539529607429813,-0.015627322940911827,1.4180012488347078,1.4423001696916518
2026-03-05,0.012735486165568084,0.013492903713383419,1.4489925963468244,1.4754772147122024
2026-03-06,-0.0029579906849861947,-0.004544075550244556,1.44175920248923,1.4642539781550825
2026-03-09,-0.01803977052437033,-0.018839211865209378,1.3981053632828497,1.41826394358162
2026-03-10,0.012284209325163862,0.013547165624467821,1.427745873934965,1.4512474780085793
2026-03-11,-0.011551335124964916,-0.01035974206945704,1.399863517007018,1.4259842724803868
2026-03-12,-0.0046958282054993606,-0.004614496356002473,1.3886205883049887,1.4148153661529044
2026-03-13,-0.020940470842446175,-0.021823519566177205,1.339121821036212,1.3626864825349392
2026-03-16,-0.0001390671655693012,-0.0009660024224521341,1.3387965486125202,1.3604052236974957
2026-03-17,0.0022111306016674103,0.002948965148580132,1.3439736547518564,1.3673762500436788
2026-03-18,0.010530858739719089,0.009585576731701913,1.368788139793328,1.390178026237376
2026-03-19,-0.025055371301556703,-0.02485295027469912,1.3101746313178881,1.331507142779933
2026-03-20,0.013176348634742263,0.012674554034630676,1.3408157232074611,1.3612460214413908
2026-03-23,-0.025446665971184466,-0.025997979477749133,1.2820012570927721,1.300649502398215
2026-03-24,0.01606854835696965,0.016599314221043965,1.3189658933184463,1.3391574247595126
2026-03-25,0.013077790244077223,0.01499658387265965,1.3494920148931535,1.3745011504540874
2026-03-27,-0.015038246527483215,-0.014886210690955883,1.3144241154949734,1.3394156192556013
2026-03-30,-0.02190610082351513,-0.02267020875163421,1.264275394363049,1.2869772193691449
2026-04-01,0.019358462650974604,0.01835520379217638,1.3085353047355213,1.3293427770673536
2026-04-02,0.0017098980219888908,0.0007100935443664733,1.3124860414026056,1.3309974157405589
2026-04-06,0.007968097928000576,0.008935465927602644,1.3309857625527792,1.351919297904327
2026-04-07,0.005072287577731849,0.004047251169071083,1.3428392293623492,1.361457394549039
2026-04-08,0.020883988581314322,0.024687974089597376,1.3922815363923111,1.4204826019763024
2026-04-09,0.0018244971180593767,0.001250030064274639,1.3966502312847937,1.4235101698800436
2026-04-10,0.01214038706580028,0.013910795986688769,1.4259238296115342,1.4574587035404858
2026-04-13,-0.008748245260933492,-0.00813881893276455,1.404793813009222,1.4375390632473128
2026-04-15,0.018668736028975775,0.01677842786098611,1.4501099553271777,1.4787821662489042
2026-04-16,0.0042723107177183115,0.0032251128399121993,1.4605999787127004,1.4867894236544301
2026-04-17,0.015789285844327726,0.013824523399766279,1.4997594314824862,1.5214068355113
2026-04-20,0.0007293065927679047,0.0009390224804111888,1.5015831874739978,1.523775605202045
2026-04-21,0.00411287546102522,0.005547202715375779,1.5118930746872548,1.5378144021189075
2026-04-22,-7.650959197701515e-05,-0.0003111536616540141,1.5117008981247895,1.5370248747136315
2026-04-23,0.0014274763369253368,0.0009555229277865341,1.5152888519726435,1.539450218701146
2026-04-24,-0.011976829875233101,-0.010591277955399115,1.4853433493594932,1.512696125693667
2026-04-27,0.015298198749956617,0.01461107460462081,1.5236569431425924,1.5496788368902248
2026-04-28,-0.002749292668737491,-0.0017349860479467663,1.51672820054532,1.5452590149548748
2026-04-29,0.006638223467779077,0.006350502692826948,1.5334903787370409,1.5614741217281747
2026-04-30,-0.004299450471215976,-0.004113597188064662,1.522621144943928,1.5509588915223804
2026-05-01,0.0,0.0,1.522621144943928,1.5509588915223804
2026-05-04,0.004732581604372923,0.004797983701113027,1.5345879499746036,1.56322776008538
2026-05-05,0.0012133552690540858,0.0009472308211134437,1.5376651721229084,1.5656568787076535
2026-05-06,0.014291930358910966,0.013271609816886293,1.5741937159671213,1.5999342304242146
2026-05-07,0.006293066575759938,0.0055743439130170516,1.5904443679873816,1.6144676274189846
2026-05-08,-0.001543543246648905,-8.612476923596912e-05,1.5864489893904383,1.6142424666939954
2026-05-11,-0.010451123922382618,-0.010961600051154218,1.5595584534070235,1.5857426733747695
2026-05-12,-0.020424274832522838,-0.021038648546101435,1.5078115731990178,1.5319104067180347
2026-05-13,-0.001375233714893709,-0.0020578818860712443,1.5043651165578198,1.5267053916448958
2026-05-14,0.011016404592927766,0.009718059942547819,1.5321067418519467,1.5513797654313777
2026-05-15,0.0036152474172395487,0.0031013818775819813,1.5412775015046818,1.5593048514053938
2026-05-18,-0.006123110504626645,-0.005945794381172086,1.5257645208557475,1.544132900348012
2026-05-19,0.003058241093132208,0.0046521483395814255,1.5335007412889872,1.5559961574160206
2026-05-20,0.003483637585178055,0.0037818119826068916,1.5423419305017485,1.5656807554335423
2026-05-21,4.532461007600091e-05,0.00031417207451214985,1.54245716376986,1.5664869473138694
2026-05-22,0.001173611296929665,0.0007696885234495005,1.5454427718482155,1.568463103277523
2026-05-25,0.00951770948331571,0.009267014875697449,1.5697852150499476,1.5923757172082729
2026-05-26,0.0002579196242718153,-0.0009452120479628087,1.5704480985687317,1.5899265301304357
2026-05-27,0.006091333506214946,0.009118424615281484,1.586153339566862,1.613650578548992
2026-05-28,0.0,0.0,1.586153339566862,1.613650578548992
2026-05-29,-0.010718960517064668,-0.010333845606447789,1.5585805040968097,1.5867805912674795
2026-06-01,-0.009951531701381609,-0.006620642044382729,1.5332449818136902,1.5697110110662438
2026-06-02,0.005073776758083932,0.006807902086521658,1.546130763471254,1.587265037267278
2026-06-03,-0.004268682027818075,-0.006839952065800178,1.535285305215623,1.5696286532013786
2026-06-04,0.0014464458428834908,0.0014120689101358678,1.5389551115541042,1.5732597089803053
2026-06-05,0.0008606342050147509,-0.0023111400410160345,1.5411411637288097,1.5673194125035779
2026-06-08,-0.00297774826733525,-0.00800681077101816,1.5335855399871807,1.5468454467440558
2026-06-09,0.008376447013051812,0.008669675045981937,1.5548971180579683,1.5690217609752075
2026-06-10,0.0016027559716324082,-0.003003077713431792,1.5589952779686884,1.5613183617222175
2026-06-11,-0.001838491459721112,0.00032466506696966996,1.554294909122624,1.5621500673252289
2026-06-12,0.00959825971660192,0.012081574046905425,1.5789297316389104,1.5932926198019555
2026-06-15,0.0008997891551212975,0.0033538905115245658,1.581251268933669,1.6020048410645535
2026-06-16,0.006416556854252067,0.005967357013407896,1.5978672661917135,1.6175783530412344
2026-06-17,0.0005883623400983595,0.002898200397250827,1.5993962031960858,1.6251756235522468
2026-06-18,0.0035790374340810057,0.002188858530030185,1.6087162078874493,1.6309280549412368
2026-06-19,-0.0027160852819394024,-0.004718431515860386,1.601640325889893,1.6185434420419083
2026-06-22,0.0036311367859381983,0.005487347200732852,1.6111044100743435,1.632951794731377
2026-06-23,-0.004216767310828618,-0.005874706324955077,1.6001171719465197,1.6175293217745108
2026-06-24,-0.00034947309720951463,0.0023740532122651058,1.5992086597048716,1.6237508578758364
2026-06-25,0.005872082490884475,0.004625061904024584,1.6145163273234475,1.6359139739146018
2026-06-26,0.0,0.0,1.6145163273234475,1.6359139739146018
2026-06-29,-0.0012228188545530655,-0.0027872677474110197,1.6113212013911111,1.6285772054291057
2026-06-30,0.0004916636092487285,-0.0018921165361846495,1.6126054086710182,1.6236083333570055
2026-07-01,0.014182643341142036,0.007116839828065445,1.6499230653539176,1.6423467336431452
2026-07-02,0.005361082716102005,0.009479278211925317,1.6641676712365356,1.6675133657685484
2026-07-03,0.0012509921175211994,0.004166183645022997,1.6675026095488517,1.6786498986383034
2026-07-06,0.0057489026919689025,0.002563195272711441,1.682881987397884,1.6855246082434365
2026-07-07,-0.00046585713735887554,-0.0006580340270941709,1.6816324387535388,1.6837580229709697
2026-07-08,-0.01704485662751827,-0.017215359387214704,1.6363117379666772,1.6379515825578101
2026-07-09,0.009068381294927394,0.005498544671280376,1.660327545690441,1.6524964282714132
2026-07-10,0.0043956490443906975,0.00882797232648618,1.6720471506894308,1.6760162567863683
2026-07-13,-0.002173084366517501,0.006278956380002762,1.6662468713304208,1.692871708079068
2026-07-14,-0.009166440482650565,-0.008777202146190564,1.6419185504708347,1.6693392543718346
2026-07-15,0.00031248734698241846,0.002738917660862236,1.6427442455925347,1.6766603761966787
2026-07-16,-0.0021346888509424593,-0.0007453156157153833,1.6371088259892765,1.6746661626718882
2026-07-17,0.003579499560811588,0.007597744688783038,1.6465652704461355,1.695064987707899
2026-07-20,0.010222837852270997,0.00609580112982335,1.6737594420447142,1.7115437424833857
2026-07-21,-0.0015869562181531557,0.0010260966662243099,1.6695196679300608,1.714327476423684
2026-07-22,0.0034557575263685237,-0.0022919655615485706,1.6787608390409043,1.7081134552065125
2026-07-23,-0.0005443602380359563,-0.0020994735447686227,1.6773030249769274,1.702433806873009
2026-07-24,-0.0025534500879115683,-0.0004871871953978412,1.6704753860597754,1.7011175363869881
2026-07-27,0.004734339042784793,0.0058077293059913895,1.6831482972009533,1.7168505381472339
2026-07-28,-0.00232531657141488,-0.0012034084285794432,1.676916376404308,1.7135830237819327
2026-07-29,0.007696670317517387,0.009503762315537553,1.6975992116009455,1.7394952084501978
2026-07-30,0.002323870801717784,-0.0003649232346106534,1.7038753733135281,1.7384956853832176
2026-07-31,0.004958549706854608,0.003009555811592831,1.7173159691456146,1.746749755300177
2026-08-03,0.013798378453824147,0.015059324864069114,1.755070399203524,1.7884269799800396
2026-08-04,-0.005568479113215169,-0.0055975936927109456,1.7397714826112,1.7728621022761932
2026-08-05,0.004584769053357717,0.0023814397679289313,1.7523615413200315,1.7794733754073944
2026-08-06,-0.0018920072074354003,-0.0017955982653923195,1.7471589766432833,1.774487035906823
2026-08-07,0.004450209326246948,0.0022329221612550063,1.759411652406437,1.7806891713613089
2026-08-10,-0.0012390210266186143,-0.0019008344069544056,1.7559948005607713,1.775408562081223
2026-08-11,0.0010838018273871314,0.0011683257235926457,1.7589833719789327,1.7786530382311994
2026-08-12,-0.002001649502867008,-0.002431695201528436,1.7534663776704829,1.7719044096008147
2026-08-13,0.0005580411660388245,0.000686192879481675,1.7550033540666914,1.773807123408961
2026-08-14,-0.002877878919942221,-0.003439136744490344,1.7470861857798003,1.7642840064457994
2026-08-17,-0.003385086730141942,-0.004312119917885406,1.7378027822136022,1.7523897454932196
2026-08-18,-0.0027849307674272365,-0.003529619354869394,1.7301887981405906,1.742691982150045
2026-08-19,-0.002554898250957449,-0.0015972322845098314,1.7232223466322867,1.7383147626184439
2026-08-20,0.004861374139179272,0.004840750981223255,1.7364931804318138,1.7516023976112765
2026-08-21,-0.001847702345299239,-0.0011468439475691694,1.7314416238880406,1.7484485478878677
2026-08-24,-0.0018814457494247287,-0.0018808767363748657,1.726307396055069,1.743283913495938
2026-08-25,0.0037675633813496717,0.0039817963719920215,1.7365983056208836,1.754228887297756
2026-08-26,-0.0010436281962443736,-0.0008421386541629917,1.7337438042454876,1.751910421061389
2026-08-27,-0.0013674790750618825,-0.0015112407102272534,1.7300080216810034,1.747754762892991
2026-08-28,0.003623070583972769,0.005783440894371721,1.7399169730141448,1.763692282584575
2026-08-31,-0.0008349157458264232,-0.0002085438210406098,1.7376303279019547,1.7631159917288217
2026-09-01,-0.0006494202340742777,-0.0004304444070220762,1.735853032541848,1.7619268798458685
2026-09-02,-0.003006810506734488,-0.0028531017340465165,1.7276391958123876,1.7540580520965308
2026-09-03,-0.0009219624838135252,-0.0015758137333144752,1.725125573715157,1.7497215872234975
2026-09-04,-0.0014489203236426938,-0.0019225947502147823,1.7211799430294459,1.7444400656750219
2026-09-07,-0.0025883060830110007,-0.003664044368146418,1.7141458036098598,1.734402715386536
2026-09-08,0.0019471857794130486,0.0011683893782350819,1.7194358984491602,1.7375994296148236
2026-09-09,-0.004528379777028699,-0.005556068835006124,1.7071491005615478,1.7224313153046413
2026-09-10,-0.0006418017663327477,-0.0006600176076358375,1.7054122049180478,1.7206350555477026
2026-09-11,-0.0019701527270906856,-0.0012209002855539195,1.7000873767693339,1.7173154582924632
