Ticker,Sector,Cap_Category,Market_Cap_Billion_USD,ROE_%,Debt_to_Equity,PE_Ratio,Revenue_Growth,FCF_Yield,ADDV_Million_USD,Composite_Score
M&M.NS,Auto,Large,3811.1,18.75,1.25,20.86,30.9,4.11,5773.02,0.7355
BAJAJ-AUTO.NS,Auto,Large,2918.67,28.05,0.56,27.16,48.8,-0.16,2696.04,0.7332
BAJFINANCE.NS,Auto,Large,5671.64,17.91,3.13,29.94,26.8,0.19,8160.92,0.7193
COALINDIA.NS,Auto,Large,2798.19,28.12,11.63,8.99,16.2,2.59,2739.44,0.6636
MARUTI.NS,Auto,Large,4110.81,14.43,0.1,28.03,28.2,1.88,5536.82,0.6333
ADANIPORTS.NS,Auto,Large,4085.84,15.59,0.64,30.46,26.5,-0.2,5321.97,0.5982
TATASTEEL.NS,Auto,Large,2757.9,15.17,1.0,30.04,6.3,0.19,6568.1,0.5559
HINDALCO.NS,Auto,Large,2467.15,15.17,0.58,15.25,13.9,0.19,4201.96,0.5325
ADANIENT.NS,Auto,Large,3719.23,13.66,1.2,36.82,20.3,-7.29,6933.01,0.4975
POWERGRID.NS,Auto,Large,2806.46,15.17,1.41,19.36,10.3,0.19,3156.4,0.4781
HEROMOTOCO.NS,Auto,Mid,1015.87,28.03,3.57,17.71,30.2,6.18,2409.29,0.8254
RECLTD.NS,Auto,Mid,917.15,19.96,6.07,5.63,-14.4,0.19,2829.57,0.7048
PFC.NS,Auto,Mid,1489.83,20.47,5.86,5.75,-15.4,0.19,2780.26,0.7034
BPCL.NS,Auto,Mid,1260.41,15.17,0.56,5.12,5.2,0.19,2395.99,0.6901
TVSMOTOR.NS,Auto,Mid,1644.66,31.62,3.06,57.04,31.3,-0.58,1934.92,0.6692
CHOLAFIN.NS,Auto,Mid,1335.68,19.33,6.93,27.27,24.1,0.19,2053.61,0.6685
SAIL.NS,Auto,Mid,822.3,15.17,0.58,29.54,11.8,0.19,3120.14,0.6541
ASHOKLEY.NS,Auto,Mid,906.57,15.17,3.28,27.46,23.6,0.19,2157.85,0.6367
EICHERMOT.NS,Auto,Mid,1929.53,15.17,2.02,36.03,22.9,0.19,2580.41,0.626
GAIL.NS,Auto,Mid,1069.17,15.17,0.25,12.46,-4.5,0.19,2096.03,0.6203
MOTILALOFS.NS,Auto,Small,513.06,15.55,1.64,25.96,152.3,0.19,732.28,0.7792
NMDC.NS,Auto,Small,819.49,15.17,11.21,11.87,15.9,0.19,1800.23,0.7627
M&MFIN.NS,Auto,Small,445.91,11.86,4.28,15.38,40.3,0.19,942.09,0.6141
MRF.NS,Auto,Small,536.31,12.3,15.29,22.12,13.4,4.34,980.59,0.6111
JKTYRE.NS,Auto,Small,110.27,15.17,0.9,15.53,15.0,0.19,417.83,0.5907
APOLLOTYRE.NS,Auto,Small,254.17,15.17,0.29,27.54,11.8,0.19,832.85,0.5871
CEATLTD.NS,Auto,Small,132.04,14.79,0.65,18.96,23.3,-0.34,508.32,0.585
SUNDARMFIN.NS,Auto,Small,510.07,15.17,3.77,24.77,18.6,0.19,361.12,0.5535
BALKRISIND.NS,Auto,Small,423.58,15.17,0.35,34.12,6.9,0.19,722.59,0.5426
JKCEMENT.NS,Auto,Small,426.64,15.17,1.0,41.9,18.2,0.19,481.26,0.5005
COALINDIA.NS,Banking,Large,2798.19,28.12,11.63,8.99,16.2,2.59,2739.44,0.6592
ICICIBANK.NS,Banking,Large,8931.96,16.36,1.18,16.67,66.9,-0.2,14130.13,0.5262
HDFCBANK.NS,Banking,Large,11847.55,13.82,1.18,17.17,-1.8,-0.2,21076.38,0.3898
SBIN.NS,Banking,Large,9045.08,15.48,1.18,10.75,3.8,-0.2,10303.2,0.3459
BAJFINANCE.NS,Banking,Large,5671.64,17.91,3.13,29.94,26.8,-0.2,8160.92,0.3082
IOC.NS,Banking,Large,1980.64,13.82,0.73,5.4,5.7,-0.2,1938.3,0.2723
HINDALCO.NS,Banking,Large,2467.15,13.82,0.58,15.25,13.9,-0.2,4201.96,0.2639
ADANIPORTS.NS,Banking,Large,4085.84,15.59,0.64,30.46,26.5,-0.2,5321.97,0.2473
ONGC.NS,Banking,Large,3785.41,13.82,0.44,9.95,0.8,-0.2,3031.34,0.2467
AXISBANK.NS,Banking,Large,3900.99,13.15,1.18,14.85,-11.2,-0.2,8810.98,0.2421
CANBK.NS,Banking,Mid,1186.8,17.57,1.18,5.46,20.9,-0.2,2910.81,0.7144
PFC.NS,Banking,Mid,1489.83,20.47,5.86,5.75,-15.4,-0.2,2780.26,0.714
RECLTD.NS,Banking,Mid,917.15,19.96,6.07,5.63,-14.4,-0.2,2829.57,0.7122
PNB.NS,Banking,Mid,1202.39,12.98,1.18,6.54,15.2,-0.2,3262.64,0.6783
BANKBARODA.NS,Banking,Mid,1384.89,12.74,1.18,6.98,-7.6,-0.2,3403.96,0.6674
BPCL.NS,Banking,Mid,1260.41,13.82,0.56,5.12,5.2,-0.2,2395.99,0.639
CHOLAFIN.NS,Banking,Mid,1335.68,19.33,6.93,27.27,24.1,-0.2,2053.61,0.6313
SAIL.NS,Banking,Mid,822.3,13.82,0.58,29.54,11.8,-0.2,3120.14,0.6156
UNIONBANK.NS,Banking,Mid,1258.78,15.71,1.18,6.48,11.5,-0.2,1559.92,0.6154
INDUSINDBK.NS,Banking,Mid,707.35,1.36,1.18,79.5,272.7,-0.2,4703.2,0.6
RBLBANK.NS,Banking,Small,208.63,13.82,1.18,23.91,40.8,-0.2,2222.68,0.5728
FEDERALBNK.NS,Banking,Small,690.56,11.73,1.18,16.03,12.3,-0.2,1891.06,0.4983
BANDHANBNK.NS,Banking,Small,320.65,4.88,1.18,26.26,119.3,-0.2,2138.39,0.497
J&KBANK.NS,Banking,Small,145.41,15.37,1.18,6.16,11.5,-0.2,392.64,0.4738
M&MFIN.NS,Banking,Small,445.91,11.86,4.28,15.38,40.3,-0.2,942.09,0.456
IDFCFIRSTB.NS,Banking,Small,590.01,13.82,1.18,36.46,-1.1,-0.2,2224.63,0.4531
SOUTHBANK.NS,Banking,Small,100.75,13.53,1.18,6.94,11.2,-0.2,589.81,0.453
KARURVYSYA.NS,Banking,Small,280.32,13.82,1.18,11.17,17.5,-0.2,462.52,0.4358
WELCORP.NS,Banking,Small,360.62,13.82,18.26,18.55,25.4,-0.2,514.71,0.4172
KTKBANK.NS,Banking,Small,93.39,13.82,1.18,8.1,-0.8,-0.2,387.93,0.4169
COALINDIA.NS,Energy,Large,2798.19,28.12,11.63,8.99,16.2,2.59,2739.44,0.7205
RELIANCE.NS,Energy,Large,18428.52,9.14,0.37,22.83,12.5,0.26,16810.07,0.6478
POLYCAB.NS,Energy,Large,1387.7,24.58,2.56,52.12,26.9,1.17,2296.61,0.6367
BEL.NS,Energy,Large,3134.8,11.01,0.27,52.43,24.0,-0.12,4470.29,0.5014
NMDC.NS,Energy,Large,819.49,11.01,11.21,11.87,15.9,-0.12,1800.23,0.4944
HAL.NS,Energy,Large,3081.72,11.01,0.03,34.64,10.7,-0.12,5112.9,0.4855
POWERGRID.NS,Energy,Large,2806.46,11.01,1.41,19.36,10.3,-0.12,3156.4,0.4805
BPCL.NS,Energy,Large,1260.41,11.01,0.56,5.12,5.2,-0.12,2395.99,0.4719
NTPC.NS,Energy,Large,3842.79,11.01,1.18,21.92,8.0,-0.12,3420.6,0.4717
IOC.NS,Energy,Large,1980.64,11.01,0.73,5.4,5.7,-0.12,1938.3,0.4675
HINDCOPPER.NS,Energy,Mid,586.45,11.01,4.78,88.53,109.7,-0.12,2602.63,0.6592
PAYTM.NS,Energy,Mid,732.75,3.56,1.07,134.19,18.4,4.47,4284.18,0.595
IRCTC.NS,Energy,Mid,431.08,11.01,1.84,30.27,18.4,-0.12,2944.31,0.5363
HAVELLS.NS,Energy,Mid,759.48,18.97,2.8,44.88,2.5,-0.12,1411.65,0.5248
SJVN.NS,Energy,Mid,302.32,11.01,2.03,46.91,61.3,-0.12,1102.12,0.5087
KEI.NS,Energy,Mid,491.84,14.75,3.8,53.63,18.7,0.35,932.21,0.4825
POLICYBZR.NS,Energy,Mid,778.82,9.74,4.92,116.76,36.7,-0.04,1977.01,0.4718
NHPC.NS,Energy,Mid,788.03,11.01,1.0,50.29,-2.9,-0.12,1905.65,0.4361
WELCORP.NS,Energy,Mid,360.62,11.01,18.26,18.55,25.4,-0.12,514.71,0.424
GUJGASLTD.NS,Energy,Mid,249.27,11.01,1.19,21.44,21.1,-0.12,662.95,0.4232
RRKABEL.NS,Energy,Small,230.43,20.83,13.09,46.89,34.2,-0.68,438.97,0.7947
IGL.NS,Energy,Small,217.99,11.01,0.9,13.11,8.2,-0.12,1013.18,0.7595
BEML.NS,Energy,Small,152.7,11.01,0.24,61.22,23.7,-0.12,1134.38,0.7581
FINCABLES.NS,Energy,Small,164.3,11.01,0.38,24.14,35.2,-0.12,353.1,0.7248
GRAPHITE.NS,Energy,Small,148.41,11.01,4.57,45.05,22.8,-0.12,635.31,0.6935
HPL.NS,Energy,Small,22.95,11.01,0.77,23.62,20.8,-0.12,112.67,0.6295
STEELCITY.NS,Energy,Small,1.2,10.68,7.16,7.06,19.0,-0.12,3.73,0.6278
MOIL.NS,Energy,Small,64.0,10.01,1.41,22.02,2.6,0.18,388.56,0.6066
SURYAROSNI.NS,Energy,Small,53.73,11.01,4.93,16.91,3.2,-0.12,184.32,0.5879
VGUARD.NS,Energy,Small,139.36,11.01,6.88,45.45,10.6,-0.12,146.05,0.5609
ITC.NS,FMCG,Large,3849.05,15.67,0.51,18.89,6.7,1.8,5397.48,0.5115
MARICO.NS,FMCG,Large,1082.0,41.39,12.39,61.49,22.1,2.64,1115.45,0.4724
BRITANNIA.NS,FMCG,Large,1294.06,53.31,0.27,51.11,7.9,1.58,1651.31,0.3635
NESTLEIND.NS,FMCG,Large,2814.57,76.34,8.61,80.15,23.8,1.37,1610.0,0.3553
VBL.NS,FMCG,Large,1708.57,15.67,12.7,53.8,18.1,1.8,2331.85,0.3293
UBL.NS,FMCG,Large,367.31,15.67,0.29,88.99,90.1,1.8,490.55,0.3289
DABUR.NS,FMCG,Large,824.32,16.24,10.91,43.64,7.3,2.02,1190.02,0.3241
HINDUNILVR.NS,FMCG,Large,5283.53,21.6,3.02,49.59,4.3,1.31,3988.01,0.3155
COLPAL.NS,FMCG,Large,583.84,15.67,3.79,43.92,1.7,1.8,909.07,0.2644
PGHH.NS,FMCG,Large,312.76,15.67,0.22,43.76,1.1,1.8,123.79,0.2337
ZEEL.NS,FMCG,Mid,87.04,15.67,2.46,15.41,14.2,1.8,2884.82,0.6049
CCL.NS,FMCG,Mid,148.09,18.0,0.56,38.18,46.4,3.8,242.04,0.5697
BAJAJCON.NS,FMCG,Mid,67.72,25.31,2.09,36.43,30.4,2.01,181.21,0.4788
SUNTV.NS,FMCG,Mid,206.2,15.67,1.18,13.06,4.2,1.8,494.8,0.4222
KANSAINER.NS,FMCG,Mid,179.5,8.8,4.53,30.49,7.5,3.93,133.44,0.3952
JAMNAAUTO.NS,FMCG,Mid,47.1,15.67,14.59,24.24,18.7,1.8,247.4,0.3839
DBCORP.NS,FMCG,Mid,37.01,15.67,12.61,11.49,-5.8,1.8,52.17,0.372
EMAMILTD.NS,FMCG,Mid,185.29,15.67,2.46,23.34,9.8,1.8,317.46,0.3691
AVANTIFEED.NS,FMCG,Mid,181.21,15.67,0.44,23.55,1.3,1.8,509.4,0.3579
JYOTHYLAB.NS,FMCG,Mid,81.28,15.67,3.74,23.78,5.0,1.8,243.81,0.3483
NIITLTD.NS,FMCG,Small,8.8,15.67,0.64,38.65,3.3,1.8,249.94,0.8379
DISHTV.NS,FMCG,Small,6.21,15.67,2.46,38.18,-19.8,1.8,271.74,0.7949
APTECHT.NS,FMCG,Small,5.67,15.67,5.75,21.25,24.4,1.8,90.05,0.7754
MCLEODRUSS.NS,FMCG,Small,6.24,15.67,30.1,38.18,20.2,1.8,28.01,0.7173
CLSEL.NS,FMCG,Small,13.56,15.67,8.8,13.41,9.0,1.8,37.22,0.6977
ZEELEARN.NS,FMCG,Small,1.93,15.67,2.2,19.06,6.6,1.8,15.53,0.675
NAVNETEDUL.NS,FMCG,Small,31.34,15.67,5.15,9.46,-11.5,1.8,48.75,0.6541
JAGRAN.NS,FMCG,Small,14.48,15.67,9.56,8.81,-7.7,1.8,27.95,0.6485
DEN.NS,FMCG,Small,12.37,4.42,0.52,7.45,-3.0,16.0,91.87,0.644
MTEDUCARE.NS,FMCG,Small,0.11,15.67,2.46,38.18,-42.2,1.8,1.3,0.5377
TCS.NS,IT,Large,8126.22,48.4,10.39,16.53,9.6,5.26,7954.2,0.7485
INFY.NS,IT,Large,4431.47,31.44,9.83,14.36,6.6,0.07,10479.25,0.5076
COFORGE.NS,IT,Large,547.63,18.6,7.52,29.07,30.5,3.13,2825.99,0.4792
WIPRO.NS,IT,Large,1974.35,15.49,0.23,14.99,7.7,5.59,3170.33,0.4589
FSL.NS,IT,Large,165.57,15.9,0.67,25.06,19.5,5.7,763.14,0.4478
KPITTECH.NS,IT,Large,193.01,19.73,0.24,30.42,12.7,5.89,1360.92,0.4017
TECHM.NS,IT,Large,1189.87,16.61,7.27,24.8,12.6,4.04,3064.83,0.388
PERSISTENT.NS,IT,Large,723.16,26.35,6.09,39.0,25.1,2.01,2169.52,0.3696
MPHASIS.NS,IT,Large,403.6,18.29,0.24,22.46,14.4,2.3,1572.5,0.3373
HCLTECH.NS,IT,Large,3041.15,23.36,6.94,18.31,5.3,0.06,3900.1,0.2917
TANLA.NS,IT,Mid,67.79,21.41,2.12,13.4,15.0,10.09,634.26,0.646
BLS.NS,IT,Mid,107.22,18.44,16.55,16.66,43.6,3.17,892.97,0.6229
ZENSARTECH.NS,IT,Mid,109.95,18.44,1.68,14.4,6.7,3.17,649.46,0.5037
ROUTE.NS,IT,Mid,31.9,9.72,1.49,17.12,-3.8,20.76,413.11,0.4682
RITES.NS,IT,Mid,102.58,18.44,0.28,24.85,5.7,3.17,587.76,0.4586
NEWGEN.NS,IT,Mid,64.49,18.25,2.21,21.64,5.3,2.97,477.03,0.4338
ECLERX.NS,IT,Mid,141.51,18.44,15.04,21.84,25.4,3.17,263.04,0.4219
MASTEK.NS,IT,Mid,47.9,14.81,14.65,11.94,3.6,8.52,309.52,0.4194
ZYDUSWELL.NS,IT,Mid,161.5,18.44,0.53,78.21,108.9,3.17,152.09,0.3912
DATAMATICS.NS,IT,Mid,44.03,18.44,12.85,22.61,19.9,3.17,155.5,0.3837
NIITLTD.NS,IT,Small,8.8,18.44,0.64,38.65,3.3,3.17,249.94,0.9058
SASKEN.NS,IT,Small,26.38,18.44,3.24,69.46,73.1,3.17,52.19,0.8109
TEAMLEASE.NS,IT,Small,22.8,18.44,13.1,17.45,3.1,3.17,108.41,0.7935
ONMOBILE.NS,IT,Small,5.68,18.44,12.16,32.79,-17.3,3.17,111.96,0.7661
NUCLEUS.NS,IT,Small,20.67,18.44,0.93,14.08,7.0,3.17,67.08,0.7644
HGS.NS,IT,Small,19.21,18.44,0.23,24.82,1.1,3.17,67.82,0.7539
XCHANGING.NS,IT,Small,7.11,18.44,0.24,12.3,7.0,3.17,45.33,0.7467
TRIGYN.NS,IT,Small,1.74,18.44,0.88,60.77,24.8,3.17,26.1,0.7337
ZEELEARN.NS,IT,Small,1.93,18.44,2.2,19.06,6.6,3.17,15.53,0.7184
SUBEXLTD.NS,IT,Small,6.05,18.44,8.25,545.5,14.0,3.17,236.6,0.7173
LUPIN.NS,Pharma,Large,1032.48,26.91,0.29,19.38,31.9,4.77,1630.04,0.8649
SUNPHARMA.NS,Pharma,Large,4470.44,13.52,6.68,41.0,13.5,0.53,3328.33,0.65
APOLLOHOSP.NS,Pharma,Large,1167.39,13.52,0.84,64.61,17.2,0.53,2844.61,0.5917
ULTRACEMCO.NS,Pharma,Large,3439.43,10.59,0.29,42.1,3.0,0.53,3081.37,0.5513
CIPLA.NS,Pharma,Large,1160.54,13.52,1.78,29.89,-0.8,0.53,2275.45,0.5178
AUROPHARMA.NS,Pharma,Large,877.53,13.52,0.22,25.16,8.4,0.53,1577.23,0.512
DIVISLAB.NS,Pharma,Large,1837.44,13.52,0.58,74.34,12.3,0.53,2272.65,0.5085
MAXHEALTH.NS,Pharma,Large,1021.47,13.52,0.33,72.04,10.7,0.53,1751.19,0.4632
AMBUJACEM.NS,Pharma,Large,1103.01,8.31,1.2,23.28,9.4,-2.44,2289.65,0.4555
DRREDDY.NS,Pharma,Large,1085.37,11.84,0.2,25.89,-11.6,0.16,2332.58,0.4537
ABBOTINDIA.NS,Pharma,Mid,584.78,34.46,3.6,38.36,11.3,2.63,321.93,0.6032
NATCOPHARM.NS,Pharma,Mid,215.72,13.52,3.01,13.85,36.3,0.53,675.56,0.4763
LALPATHLAB.NS,Pharma,Mid,267.18,21.48,7.83,50.52,16.6,1.5,653.16,0.4623
NH.NS,Pharma,Mid,369.52,13.52,0.58,47.49,57.4,0.53,478.73,0.4392
GLENMARK.NS,Pharma,Mid,660.52,13.52,12.78,61.9,15.1,0.53,1030.04,0.3676
ALKEM.NS,Pharma,Mid,666.75,13.52,17.06,28.12,10.7,0.53,750.41,0.3615
AJANTPHARM.NS,Pharma,Mid,407.19,25.39,5.75,38.51,21.5,0.0,267.2,0.3437
IPCALAB.NS,Pharma,Mid,401.84,13.52,14.42,44.18,6.6,0.53,505.97,0.2539
MEDANTA.NS,Pharma,Mid,325.64,13.52,0.25,63.32,18.8,0.53,391.89,0.2331
JBCHEPHARM.NS,Pharma,Mid,343.24,13.52,1.08,48.15,10.5,0.53,290.85,0.2112
THYROCARE.NS,Pharma,Small,75.0,28.75,8.65,45.93,19.7,2.69,165.26,0.6339
GRANULES.NS,Pharma,Small,182.21,13.52,0.3,30.05,22.8,0.38,752.96,0.5227
KANSAINER.NS,Pharma,Small,179.5,8.8,4.53,30.49,7.5,3.93,133.44,0.4741
SUVEN.NS,Pharma,Small,54.47,13.52,0.96,44.18,74.5,0.53,58.81,0.4589
METROPOLIS.NS,Pharma,Small,112.1,13.52,13.92,66.67,25.8,0.53,452.51,0.4411
STAR.NS,Pharma,Small,106.5,13.52,0.66,20.82,3.6,0.53,378.42,0.3907
TRIDENT.NS,Pharma,Small,128.15,13.52,0.35,31.44,-5.6,0.53,462.6,0.3871
VIJAYA.NS,Pharma,Small,130.67,13.52,0.42,75.59,21.4,0.53,284.5,0.382
RAINBOW.NS,Pharma,Small,133.52,13.52,0.53,52.29,11.9,0.53,277.24,0.3686
INDRAMEDCO.NS,Pharma,Small,34.7,13.52,4.76,18.97,14.4,0.53,83.85,0.3378
