Ticker,Sector,Cap Category,Market Cap,Historical Return,ROE,Debt-to-Equity,Liquidity Score,Composite Score
LUMAXTECH.NS,Auto,Small-cap,133227864064.0,13.638215461225522,,0.8340900000000001,0.6269051795329315,0.7753810359065865
CUMMINSIND.NS,Auto,Large-cap,1395701972992.0,4.165964644958538,,0.431,0.5571692841041749,0.761433856820835
M&M.NS,Auto,Large-cap,3806416338944.0,3.399317688876902,,1.25278,1.0,0.7422095939076181
GABRIEL.NS,Auto,Mid-cap,240235282432.0,8.900759643920889,,0.10642,0.4018224584576222,0.7303644916915245
JBMA.NS,Auto,Mid-cap,148092715008.0,5.802187852169415,,1.90282,0.7126950455376662,0.6080207436612582
BAJAJ-AUTO.NS,Auto,Large-cap,3275387043840.0,2.5332580318106115,,0.56352,0.7340364623283335,0.5672490747425766
BOSCHLTD.NS,Auto,Large-cap,1381007360000.0,2.51704097096918,,0.8,0.3339731967083921,0.4849563061627634
OLECTRA.NS,Auto,Small-cap,100885430272.0,2.9530935764773694,,0.30841,0.9999999999999996,0.455155721594161
MOTHERSON.NS,Auto,Large-cap,1692368764928.0,1.8204320496222568,,0.43908,0.6223868821238199,0.4446959705917324
UNOMINDA.NS,Auto,Mid-cap,721660739584.0,2.6160701205660826,,0.3774,0.7679410067699859,0.4293383573436646
EXIDEIND.NS,Auto,Mid-cap,360569995264.0,1.3266876666621208,,0.11308,1.0,0.3989681319214953
MARUTI.NS,Auto,Large-cap,3991026008064.0,0.9414235840144576,,0.096,0.9712978338017252,0.3908897494494011
BHARATFORG.NS,Auto,Large-cap,935141376000.0,1.573071723970927,,0.7647499999999999,0.5204702364278901,0.3895338299779967
ESCORTS.NS,Auto,Mid-cap,326594297856.0,1.2220787762984573,,1.309,0.9288657586818037,0.3785118811145469
APOLLOTYRE.NS,Auto,Mid-cap,272547659776.0,1.0634785832000917,,0.2198699999999999,0.8661209502268914,0.3565183641585038
J&KBANK.NS,Banking,Small-cap,165507727360.0,3.244569418472148,0.14609,,0.907285201165018,0.9013841142453268
INDIANB.NS,Banking,Large-cap,1184924172288.0,7.160393893295089,0.16171,,0.1915016384079404,0.6633604262276162
KARURVYSYA.NS,Banking,Mid-cap,337366876160.0,9.388253242320044,,,0.564782457411205,0.6485817208650735
MAHABANK.NS,Banking,Large-cap,661089091584.0,4.309892573264355,0.22961001,,0.1742757835628285,0.6344281853389984
UNIONBANK.NS,Banking,Large-cap,1429163606016.0,5.349285613839354,0.15798001,,0.3396462084958687,0.5560350187093677
SOUTHBANK.NS,Banking,Mid-cap,124102492160.0,4.012444898107302,0.13596,,0.6030110105385642,0.5344467176700545
IOB.NS,Banking,Mid-cap,645095751680.0,0.6987341385853441,0.16525999,,0.6423153479798893,0.4610835619831221
CANBK.NS,Banking,Large-cap,1138366742528.0,3.632325802212272,,,0.5113550026099238,0.4482163965509996
KTKBANK.NS,Banking,Mid-cap,128581697536.0,5.398886206273616,,,0.5147109375215582,0.4239930107853189
ICICIBANK.NS,Banking,Large-cap,10214680035328.0,1.051661732193288,0.16073999,,1.0,0.3930383500484395
FEDERALBNK.NS,Banking,Mid-cap,847123382272.0,3.334559946825645,,,0.909092447515583,0.3918362649048222
SBIN.NS,Banking,Large-cap,9379230253056.0,1.5769602986885936,0.15177,,0.8878190822755032,0.3844268360232348
PNB.NS,Banking,Large-cap,1344674332672.0,2.428382105480364,0.14965999,,0.5283821919318239,0.3669690797772336
BANKBARODA.NS,Banking,Large-cap,1235955613696.0,2.5274337622467327,0.113170005,,0.5499017188170976,0.2842235510773891
KOTAKBANK.NS,Banking,Large-cap,4222780178432.0,0.2025512384793821,,,0.7959758117662012,0.263983214067933
SUZLON.NS,Energy,Small-cap,623371157504.0,7.096616069186997,0.39366,2.807,1.0,0.8754102418828398
WEBELSOLAR.NS,Energy,Small-cap,32236636160.0,9.438375374365595,,0.20729,0.6165277726547234,0.7733055545309447
ADANIPOWER.NS,Energy,Large-cap,3995788640256.0,9.571428209977672,,0.8233199999999999,0.5407498139460101,0.7581499627892021
CHENNPETRO.NS,Energy,Mid-cap,215921524736.0,14.405198616870464,,0.1767999999999999,0.9883255729929594,0.6751543734763722
JPPOWER.NS,Energy,Small-cap,112122593280.0,3.1240508149056394,,0.26634,0.8482639220747257,0.4837087069016665
OIL.NS,Energy,Large-cap,794272530432.0,4.2969260882882585,,0.58741,0.2096767394393168,0.4104206543331171
COALINDIA.NS,Energy,Large-cap,2559689359360.0,3.306885200872979,,0.1162899999999999,0.4319689704667544,0.4020378938053119
MRPL.NS,Energy,Mid-cap,307405815808.0,3.1923147147015296,,1.08059,0.8752762800454867,0.3876850523989366
SJVN.NS,Energy,Mid-cap,257401569280.0,1.858078807351395,,2.26528,1.0,0.3811138181333882
NLCINDIA.NS,Energy,Mid-cap,378967785472.0,5.037138076822807,,0.82,0.6066439974129523,0.3775351572940746
NTPC.NS,Energy,Large-cap,3224141561856.0,2.462787074871119,,1.18127,0.4956535214598681,0.3697229640787214
AEGISLOG.NS,Energy,Mid-cap,445770006528.0,4.309790346907802,,0.47243,0.5917365405879949,0.3573729896224419
TATAPOWER.NS,Energy,Large-cap,1175884922880.0,1.879667792655305,,1.68051,0.5726283055654218,0.3539952400758325
RELIANCE.NS,Energy,Large-cap,17889929199616.0,0.203352151340826,,0.3665299999999999,1.0,0.35
GIPCL.NS,Energy,Small-cap,31898425344.0,1.8238928469912803,,0.93592,0.5075997993877155,0.3464029462822642
LTFOODS.NS,FMCG,Mid-cap,153572605952.0,5.92702206183759,,0.28488,0.5237701344905386,0.7547540268981078
RADICO.NS,FMCG,Mid-cap,602116915200.0,4.039607660509052,,0.20939,1.0,0.6857900923151061
VADILALIND.NS,FMCG,Small-cap,54846738432.0,6.184638585861571,,0.26996,0.6958576601641928,0.5688881352214608
UNITDSPR.NS,FMCG,Large-cap,1044988559360.0,1.0213137016893228,,4.611,0.61599552457246,0.5358676678899875
ITC.NS,FMCG,Large-cap,3309115539456.0,0.602540983727986,,3.293,1.0,0.5346584636256375
NESTLEIND.NS,FMCG,Large-cap,2719887392768.0,0.4744776048742884,,8.621,0.6988387331743571,0.4505702223248817
MARICO.NS,FMCG,Large-cap,1056578338816.0,0.5680673748872858,,0.12394,0.5878610674701683,0.4458088412758676
BRITANNIA.NS,FMCG,Large-cap,1228789514240.0,0.3501852682876714,,0.26875,0.6837323247413378,0.4243954325187657
BAJAJCON.NS,FMCG,Small-cap,67399053312.0,1.3004451047129066,,2.092,1.0,0.4055696475853576
TATACONSUM.NS,FMCG,Large-cap,999586856960.0,0.2099378771175855,,0.12159,0.667307501822517,0.3949848096734075
HERITGFOOD.NS,FMCG,Small-cap,35355275264.0,0.7876994652958851,,0.32621,0.9800610043392756,0.3780507630206297
COLPAL.NS,FMCG,Large-cap,497516118016.0,0.2047751037257659,,2.993,0.5234400338887015,0.3652495808829346
HINDUNILVR.NS,FMCG,Large-cap,4636683534336.0,-0.2260032957151203,,3.016,0.9240266984022814,0.3651203640539679
CCL.NS,FMCG,Mid-cap,147402211328.0,1.888980473617023,,0.56487,0.260491525400516,0.3507783003356657
AVANTIFEED.NS,FMCG,Mid-cap,108724011008.0,0.5124342166709359,,0.357,0.8233659378633593,0.343590117749366
OFSS.NS,IT,Large-cap,1050048331776.0,2.1329696206491846,0.49897,0.567,0.2713748466651262,0.820580772073033
ECLERX.NS,IT,Mid-cap,174940045312.0,1.594364121300591,,0.15012,0.7036265219115476,0.7907253043823095
DATAMATICS.NS,IT,Mid-cap,45275492352.0,1.5133814398254368,,0.14384,0.4843945025720551,0.7216991550413229
PERSISTENT.NS,IT,Large-cap,881611767808.0,2.318696142253907,0.25203,6.94,0.4786650114140824,0.6763477920063776
63MOONS.NS,IT,Small-cap,40318717952.0,8.455724858661597,,0.149,0.5172810734934439,0.6337294393863968
AURIONPRO.NS,IT,Small-cap,37926174720.0,5.931903444797232,,3.478,0.3858961896739847,0.4899547685798332
TCS.NS,IT,Large-cap,8336073293824.0,-0.3114632889116524,0.47743,0.10211,0.901105396486237,0.4839254611386673
COFORGE.NS,IT,Large-cap,873907159040.0,0.9857291038748136,,7.518,0.5586584841942788,0.4505218190666208
ZENSARTECH.NS,IT,Mid-cap,104713314304.0,0.1400251838568538,,1.68,1.0,0.3978059801258878
INFY.NS,IT,Large-cap,4576838156288.0,-0.2502309982103308,0.32,9.541,1.0,0.3749498624425708
FSL.NS,IT,Small-cap,182301310976.0,0.5246106143766927,,0.67135,1.0,0.3610364673746787
HCLTECH.NS,IT,Large-cap,3499638652928.0,0.3257063488568095,0.24067,7.058,0.6515203488967822,0.3392615645027824
ACCELYA.NS,IT,Mid-cap,16911454208.0,0.1056318098836135,0.36141,6.276,0.0,0.3371121331596988
TECHM.NS,IT,Large-cap,1414690766848.0,0.3010389670062061,,7.269,0.5663720404040271,0.3278491822027062
SONATSOFTW.NS,IT,Mid-cap,78927937536.0,-0.0137276197717651,,0.37962,0.8814161830027638,0.3262832366005528
NEULANDLAB.NS,Pharma,Mid-cap,290468691968.0,12.881143978902358,,0.16072,0.777265896138756,0.8054531792277513
BLISSGVS.NS,Pharma,Small-cap,71379648512.0,5.245085782019025,,1.766,0.715658352967897,0.7931316705935794
TORNTPHARM.NS,Pharma,Large-cap,1847446732800.0,2.294616570101639,,0.85446,0.2018555083595359,0.6903711016719072
LUPIN.NS,Pharma,Large-cap,964830953472.0,1.2104823709659858,,0.29388,0.6893944107874752,0.5395416102353585
AUROPHARMA.NS,Pharma,Large-cap,951157194752.0,1.251120869004588,,0.2130999999999999,0.6304688797207092,0.5370653642590181
SHILPAMED.NS,Pharma,Small-cap,187367391232.0,2.195287524385694,,0.25465,0.8858382789243731,0.5285804800109203
DIVISLAB.NS,Pharma,Large-cap,2415763914752.0,0.8023308216287435,,0.042,1.0,0.5081694664742589
MOREPENLAB.NS,Pharma,Small-cap,62247542784.0,1.0825265964059825,,0.16667,1.0,0.4424691778830577
CIPLA.NS,Pharma,Large-cap,1118883938304.0,0.5190932665709496,,1.778,0.9486806757128896,0.4330257723622784
ZYDUSLIFE.NS,Pharma,Large-cap,1117204250624.0,1.0748674493386856,,0.42304,0.2562610121883608,0.4218502895368553
GRANULES.NS,Pharma,Mid-cap,210577833984.0,1.5838165714876893,,0.29735,1.0,0.4106939713870288
MARKSANS.NS,Pharma,Mid-cap,148547076096.0,3.53627460471564,,0.11248,0.6101833599708435,0.4086536076079331
DRREDDY.NS,Pharma,Large-cap,958769463296.0,0.2101613338045296,0.088369995,0.18605,0.9726052194980356,0.3670451675380447
SMSPHARMA.NS,Pharma,Small-cap,36894220288.0,1.3162766581743028,,0.4645499999999999,0.3876091431906019,0.3428760516567705
GUFICBIO.NS,Pharma,Small-cap,44725997568.0,1.334239052552583,,0.60866,0.2574006227565508,0.3185929362222178
